"","loss","accuracy","data","unit","layer_num","activation","drop_out_rate","batch_size"
"1",0.425422012805939,0.882308840751648,"train",10,2,"sigmoid",NA,NA
"2",0.532551825046539,0.855711400508881,"test",10,2,"sigmoid",NA,NA
"3",0.557514905929565,0.912543714046478,"train",10,2,"relu",NA,NA
"4",0.665038764476776,0.8567134141922,"test",10,2,"relu",NA,NA
"5",0.370250701904297,0.923788130283356,"train",25,2,"sigmoid",NA,NA
"6",0.465162724256516,0.872745513916016,"test",25,2,"sigmoid",NA,NA
"7",0.717883586883545,0.924537718296051,"train",25,2,"relu",NA,NA
"8",0.775162935256958,0.883767545223236,"test",25,2,"relu",NA,NA
"9",0.398063689470291,0.925287365913391,"train",50,2,"sigmoid",NA,NA
"10",0.46330600976944,0.880761504173279,"test",50,2,"sigmoid",NA,NA
"11",0.79347151517868,0.924537718296051,"train",50,2,"relu",NA,NA
"12",0.812461793422699,0.888777554035187,"test",50,2,"relu",NA,NA
"13",0.494157820940018,0.926536738872528,"train",100,2,"sigmoid",NA,NA
"14",0.549830913543701,0.891783595085144,"test",100,2,"sigmoid",NA,NA
"15",0.741512060165405,0.924787580966949,"train",100,2,"relu",NA,NA
"16",0.762840509414673,0.897795617580414,"test",100,2,"relu",NA,NA
"17",0.588724255561829,0.92553722858429,"train",200,2,"sigmoid",NA,NA
"18",0.629259169101715,0.887775540351868,"test",200,2,"sigmoid",NA,NA
"19",0.75910496711731,0.928035974502563,"train",200,2,"relu",NA,NA
"20",0.744609355926514,0.910821616649628,"test",200,2,"relu",NA,NA
"21",0.649845778942108,0.925037503242493,"train",300,2,"sigmoid",NA,NA
"22",0.677329242229462,0.886773526668549,"test",300,2,"sigmoid",NA,NA
"23",0.792113602161407,0.925287365913391,"train",300,2,"relu",NA,NA
"24",0.739522635936737,0.904809594154358,"test",300,2,"relu",NA,NA
"25",0.682626366615295,0.925787091255188,"train",400,2,"sigmoid",NA,NA
"26",0.710415840148926,0.893787562847137,"test",400,2,"sigmoid",NA,NA
"27",0.82300066947937,0.925787091255188,"train",400,2,"relu",NA,NA
"28",0.790624976158142,0.908817648887634,"test",400,2,"relu",NA,NA
"29",0.487230271100998,0.867066442966461,"train",10,3,"sigmoid",NA,NA
"30",0.613623678684235,0.830661296844482,"test",10,3,"sigmoid",NA,NA
"31",0.474633365869522,0.919290363788605,"train",10,3,"relu",NA,NA
"32",0.713744401931763,0.858717441558838,"test",10,3,"relu",NA,NA
"33",0.343075573444366,0.927286386489868,"train",25,3,"sigmoid",NA,NA
"34",0.479739874601364,0.878757536411285,"test",25,3,"sigmoid",NA,NA
"35",0.780132651329041,0.928535759449005,"train",25,3,"relu",NA,NA
"36",0.98634135723114,0.876753509044647,"test",25,3,"relu",NA,NA
"37",0.39654266834259,0.929785132408142,"train",50,3,"sigmoid",NA,NA
"38",0.529565870761871,0.887775540351868,"test",50,3,"sigmoid",NA,NA
"39",0.848487079143524,0.928785622119904,"train",50,3,"relu",NA,NA
"40",0.893805801868439,0.900801599025726,"test",50,3,"relu",NA,NA
"41",0.450855314731598,0.930534720420837,"train",100,3,"sigmoid",NA,NA
"42",0.53704047203064,0.901803612709045,"test",100,3,"sigmoid",NA,NA
"43",0.787583708763123,0.931534230709076,"train",100,3,"relu",NA,NA
"44",0.863301813602448,0.907815635204315,"test",100,3,"relu",NA,NA
"45",0.555112600326538,0.93328332901001,"train",200,3,"sigmoid",NA,NA
"46",0.657642185688019,0.899799585342407,"test",200,3,"sigmoid",NA,NA
"47",0.780137300491333,0.928035974502563,"train",200,3,"relu",NA,NA
"48",0.811591148376465,0.905811607837677,"test",200,3,"relu",NA,NA
"49",0.609426140785217,0.932033956050873,"train",300,3,"sigmoid",NA,NA
"50",0.701763927936554,0.904809594154358,"test",300,3,"sigmoid",NA,NA
"51",0.827540695667267,0.931284368038177,"train",300,3,"relu",NA,NA
"52",0.860227882862091,0.908817648887634,"test",300,3,"relu",NA,NA
"53",0.634850382804871,0.932033956050873,"train",400,3,"sigmoid",NA,NA
"54",0.746348261833191,0.899799585342407,"test",400,3,"sigmoid",NA,NA
"55",0.791443169116974,0.930784583091736,"train",400,3,"relu",NA,NA
"56",0.792708098888397,0.910821616649628,"test",400,3,"relu",NA,NA
"57",0.503467202186584,0.871064484119415,"train",10,4,"sigmoid",NA,NA
"58",0.693746268749237,0.818637251853943,"test",10,4,"sigmoid",NA,NA
"59",0.687726616859436,0.922288835048676,"train",10,4,"relu",NA,NA
"60",1.06923925876617,0.835671365261078,"test",10,4,"relu",NA,NA
"61",0.314279347658157,0.923538208007812,"train",25,4,"sigmoid",NA,NA
"62",0.490003615617752,0.892785549163818,"test",25,4,"sigmoid",NA,NA
"63",0.963168621063232,0.929535210132599,"train",25,4,"relu",NA,NA
"64",1.22323322296143,0.884769558906555,"test",25,4,"relu",NA,NA
"65",0.362850099802017,0.937531232833862,"train",50,4,"sigmoid",NA,NA
"66",0.514973938465118,0.899799585342407,"test",50,4,"sigmoid",NA,NA
"67",0.70790433883667,0.93328332901001,"train",50,4,"relu",NA,NA
"68",0.868933498859406,0.907815635204315,"test",50,4,"relu",NA,NA
"69",0.365123599767685,0.944527745246887,"train",100,4,"sigmoid",NA,NA
"70",0.49182066321373,0.901803612709045,"test",100,4,"sigmoid",NA,NA
"71",0.740577101707458,0.933783113956451,"train",100,4,"relu",NA,NA
"72",0.78154045343399,0.915831685066223,"test",100,4,"relu",NA,NA
"73",0.521785080432892,0.936281859874725,"train",200,4,"sigmoid",NA,NA
"74",0.709256708621979,0.901803612709045,"test",200,4,"sigmoid",NA,NA
"75",0.847410619258881,0.936781585216522,"train",200,4,"relu",NA,NA
"76",0.929969668388367,0.915831685066223,"test",200,4,"relu",NA,NA
"77",0.581315577030182,0.932283878326416,"train",300,4,"sigmoid",NA,NA
"78",0.751173555850983,0.899799585342407,"test",300,4,"sigmoid",NA,NA
"79",0.725279569625854,0.938780605792999,"train",300,4,"relu",NA,NA
"80",0.754810035228729,0.925851702690125,"test",300,4,"relu",NA,NA
"81",0.533858478069305,0.938030958175659,"train",400,4,"sigmoid",NA,NA
"82",0.698283672332764,0.906813621520996,"test",400,4,"sigmoid",NA,NA
"83",0.66999876499176,0.937781095504761,"train",400,4,"relu",NA,NA
"84",0.731182277202606,0.921843707561493,"test",400,4,"relu",NA,NA
"85",0.474056273698807,0.864317834377289,"train",10,2,"sigmoid",0.1,NA
"86",0.537340939044952,0.842685341835022,"test",10,2,"sigmoid",0.1,NA
"87",0.535138547420502,0.857071459293365,"train",10,2,"sigmoid",0.2,NA
"88",0.55999881029129,0.842685341835022,"test",10,2,"sigmoid",0.2,NA
"89",0.546259462833405,0.852073967456818,"train",10,2,"sigmoid",0.3,NA
"90",0.566552937030792,0.846693396568298,"test",10,2,"sigmoid",0.3,NA
"91",0.707564651966095,0.889055490493774,"train",10,2,"relu",0.1,NA
"92",0.757939994335175,0.845691382884979,"test",10,2,"relu",0.1,NA
"93",0.511105954647064,0.876061975955963,"train",10,2,"relu",0.2,NA
"94",0.602511286735535,0.847695410251617,"test",10,2,"relu",0.2,NA
"95",0.609141051769257,0.856821596622467,"train",10,2,"relu",0.3,NA
"96",0.667986273765564,0.82765531539917,"test",10,2,"relu",0.3,NA
"97",0.403052657842636,0.911044478416443,"train",25,2,"sigmoid",0.1,NA
"98",0.482313901185989,0.875751495361328,"test",25,2,"sigmoid",0.1,NA
"99",0.392618298530579,0.900299847126007,"train",25,2,"sigmoid",0.2,NA
"100",0.445853978395462,0.872745513916016,"test",25,2,"sigmoid",0.2,NA
"101",0.380087435245514,0.901549220085144,"train",25,2,"sigmoid",0.3,NA
"102",0.441938132047653,0.87975949048996,"test",25,2,"sigmoid",0.3,NA
"103",0.422343075275421,0.930284857749939,"train",25,2,"relu",0.1,NA
"104",0.527094006538391,0.887775540351868,"test",25,2,"relu",0.1,NA
"105",0.471496254205704,0.925787091255188,"train",25,2,"relu",0.2,NA
"106",0.57903391122818,0.87975949048996,"test",25,2,"relu",0.2,NA
"107",0.44009804725647,0.917291343212128,"train",25,2,"relu",0.3,NA
"108",0.522041201591492,0.87975949048996,"test",25,2,"relu",0.3,NA
"109",0.377458572387695,0.924287855625153,"train",50,2,"sigmoid",0.1,NA
"110",0.446929007768631,0.886773526668549,"test",50,2,"sigmoid",0.1,NA
"111",0.402162373065948,0.922788619995117,"train",50,2,"sigmoid",0.2,NA
"112",0.47172474861145,0.887775540351868,"test",50,2,"sigmoid",0.2,NA
"113",0.343326419591904,0.922788619995117,"train",50,2,"sigmoid",0.3,NA
"114",0.419752687215805,0.882765531539917,"test",50,2,"sigmoid",0.3,NA
"115",0.682764708995819,0.916041970252991,"train",50,2,"relu",0.1,NA
"116",0.704918324947357,0.877755522727966,"test",50,2,"relu",0.1,NA
"117",0.684518277645111,0.922288835048676,"train",50,2,"relu",0.2,NA
"118",0.696686387062073,0.892785549163818,"test",50,2,"relu",0.2,NA
"119",0.5195472240448,0.926036953926086,"train",50,2,"relu",0.3,NA
"120",0.57417219877243,0.890781581401825,"test",50,2,"relu",0.3,NA
"121",0.47389030456543,0.924787580966949,"train",100,2,"sigmoid",0.1,NA
"122",0.517702162265778,0.888777554035187,"test",100,2,"sigmoid",0.1,NA
"123",0.4622483253479,0.926536738872528,"train",100,2,"sigmoid",0.2,NA
"124",0.498172253370285,0.893787562847137,"test",100,2,"sigmoid",0.2,NA
"125",0.404690742492676,0.928785622119904,"train",100,2,"sigmoid",0.3,NA
"126",0.448771983385086,0.897795617580414,"test",100,2,"sigmoid",0.3,NA
"127",0.765180587768555,0.927536249160767,"train",100,2,"relu",0.1,NA
"128",0.737361669540405,0.901803612709045,"test",100,2,"relu",0.1,NA
"129",0.589903771877289,0.927536249160767,"train",100,2,"relu",0.2,NA
"130",0.60300487279892,0.903807640075684,"test",100,2,"relu",0.2,NA
"131",0.640601098537445,0.924287855625153,"train",100,2,"relu",0.3,NA
"132",0.635886490345001,0.900801599025726,"test",100,2,"relu",0.3,NA
"133",0.550620079040527,0.926036953926086,"train",200,2,"sigmoid",0.1,NA
"134",0.588057339191437,0.889779567718506,"test",200,2,"sigmoid",0.1,NA
"135",0.554942667484283,0.923788130283356,"train",200,2,"sigmoid",0.2,NA
"136",0.578385770320892,0.890781581401825,"test",200,2,"sigmoid",0.2,NA
"137",0.4866903424263,0.926036953926086,"train",200,2,"sigmoid",0.3,NA
"138",0.51585066318512,0.894789576530457,"test",200,2,"sigmoid",0.3,NA
"139",0.781463265419006,0.922288835048676,"train",200,2,"relu",0.1,NA
"140",0.775268316268921,0.898797571659088,"test",200,2,"relu",0.1,NA
"141",0.800368189811707,0.925037503242493,"train",200,2,"relu",0.2,NA
"142",0.800661683082581,0.888777554035187,"test",200,2,"relu",0.2,NA
"143",0.738628208637238,0.92078959941864,"train",200,2,"relu",0.3,NA
"144",0.718449413776398,0.901803612709045,"test",200,2,"relu",0.3,NA
"145",0.552123188972473,0.928035974502563,"train",300,2,"sigmoid",0.1,NA
"146",0.584492444992065,0.896793603897095,"test",300,2,"sigmoid",0.1,NA
"147",0.555178046226501,0.92628687620163,"train",300,2,"sigmoid",0.2,NA
"148",0.56619781255722,0.896793603897095,"test",300,2,"sigmoid",0.2,NA
"149",0.577828288078308,0.925037503242493,"train",300,2,"sigmoid",0.3,NA
"150",0.584063231945038,0.894789576530457,"test",300,2,"sigmoid",0.3,NA
"151",0.841184675693512,0.922038972377777,"train",300,2,"relu",0.1,NA
"152",0.831877827644348,0.898797571659088,"test",300,2,"relu",0.1,NA
"153",0.933983087539673,0.9200399518013,"train",300,2,"relu",0.2,NA
"154",0.829834878444672,0.906813621520996,"test",300,2,"relu",0.2,NA
"155",0.817644536495209,0.920539736747742,"train",300,2,"relu",0.3,NA
"156",0.780641138553619,0.901803612709045,"test",300,2,"relu",0.3,NA
"157",0.62498414516449,0.924537718296051,"train",400,2,"sigmoid",0.1,NA
"158",0.651352763175964,0.892785549163818,"test",400,2,"sigmoid",0.1,NA
"159",0.598167240619659,0.926536738872528,"train",400,2,"sigmoid",0.2,NA
"160",0.607343673706055,0.894789576530457,"test",400,2,"sigmoid",0.2,NA
"161",0.572694003582001,0.924287855625153,"train",400,2,"sigmoid",0.3,NA
"162",0.582810401916504,0.892785549163818,"test",400,2,"sigmoid",0.3,NA
"163",0.647686004638672,0.930784583091736,"train",400,2,"relu",0.1,NA
"164",0.610417008399963,0.915831685066223,"test",400,2,"relu",0.1,NA
"165",0.824813485145569,0.924537718296051,"train",400,2,"relu",0.2,NA
"166",0.805680215358734,0.903807640075684,"test",400,2,"relu",0.2,NA
"167",0.796135902404785,0.925787091255188,"train",400,2,"relu",0.3,NA
"168",0.744071245193481,0.909819662570953,"test",400,2,"relu",0.3,NA
"169",0.600168287754059,0.848325848579407,"train",10,3,"sigmoid",0.1,NA
"170",0.679585874080658,0.816633284091949,"test",10,3,"sigmoid",0.1,NA
"171",0.735674262046814,0.832333862781525,"train",10,3,"sigmoid",0.2,NA
"172",0.762131869792938,0.816633284091949,"test",10,3,"sigmoid",0.2,NA
"173",0.96535462141037,0.773363292217255,"train",10,3,"sigmoid",0.3,NA
"174",0.964389204978943,0.758517026901245,"test",10,3,"sigmoid",0.3,NA
"175",0.467044323682785,0.882808566093445,"train",10,3,"relu",0.1,NA
"176",0.634450435638428,0.851703405380249,"test",10,3,"relu",0.1,NA
"177",0.704407334327698,0.86331832408905,"train",10,3,"relu",0.2,NA
"178",0.856536090373993,0.819639265537262,"test",10,3,"relu",0.2,NA
"179",0.697524130344391,0.848825573921204,"train",10,3,"relu",0.3,NA
"180",0.816501140594482,0.814629256725311,"test",10,3,"relu",0.3,NA
"181",0.36395651102066,0.905297338962555,"train",25,3,"sigmoid",0.1,NA
"182",0.461484253406525,0.87374746799469,"test",25,3,"sigmoid",0.1,NA
"183",0.395033925771713,0.884307861328125,"train",25,3,"sigmoid",0.2,NA
"184",0.471141844987869,0.859719455242157,"test",25,3,"sigmoid",0.2,NA
"185",0.48466020822525,0.869565188884735,"train",25,3,"sigmoid",0.3,NA
"186",0.524086475372314,0.855711400508881,"test",25,3,"sigmoid",0.3,NA
"187",0.458886235952377,0.923288345336914,"train",25,3,"relu",0.1,NA
"188",0.693373739719391,0.868737459182739,"test",25,3,"relu",0.1,NA
"189",0.357757776975632,0.92153924703598,"train",25,3,"relu",0.2,NA
"190",0.564204931259155,0.869739472866058,"test",25,3,"relu",0.2,NA
"191",0.43340802192688,0.899550199508667,"train",25,3,"relu",0.3,NA
"192",0.627234041690826,0.857715427875519,"test",25,3,"relu",0.3,NA
"193",0.382182985544205,0.924537718296051,"train",50,3,"sigmoid",0.1,NA
"194",0.449095398187637,0.894789576530457,"test",50,3,"sigmoid",0.1,NA
"195",0.314374834299088,0.921789109706879,"train",50,3,"sigmoid",0.2,NA
"196",0.390889942646027,0.889779567718506,"test",50,3,"sigmoid",0.2,NA
"197",0.353628367185593,0.910794615745544,"train",50,3,"sigmoid",0.3,NA
"198",0.441028326749802,0.880761504173279,"test",50,3,"sigmoid",0.3,NA
"199",0.634039640426636,0.932283878326416,"train",50,3,"relu",0.1,NA
"200",0.68141895532608,0.896793603897095,"test",50,3,"relu",0.1,NA
"201",0.637413382530212,0.921789109706879,"train",50,3,"relu",0.2,NA
"202",0.753536581993103,0.891783595085144,"test",50,3,"relu",0.2,NA
"203",0.513859450817108,0.923038482666016,"train",50,3,"relu",0.3,NA
"204",0.64640611410141,0.882765531539917,"test",50,3,"relu",0.3,NA
"205",0.346923321485519,0.942028999328613,"train",100,3,"sigmoid",0.1,NA
"206",0.464483469724655,0.907815635204315,"test",100,3,"sigmoid",0.1,NA
"207",0.374640822410583,0.936031997203827,"train",100,3,"sigmoid",0.2,NA
"208",0.457142472267151,0.896793603897095,"test",100,3,"sigmoid",0.2,NA
"209",0.326109498739243,0.936281859874725,"train",100,3,"sigmoid",0.3,NA
"210",0.411393344402313,0.902805626392365,"test",100,3,"sigmoid",0.3,NA
"211",0.621548593044281,0.938780605792999,"train",100,3,"relu",0.1,NA
"212",0.690312147140503,0.911823630332947,"test",100,3,"relu",0.1,NA
"213",0.550016701221466,0.930284857749939,"train",100,3,"relu",0.2,NA
"214",0.546920299530029,0.904809594154358,"test",100,3,"relu",0.2,NA
"215",0.571600198745728,0.930034995079041,"train",100,3,"relu",0.3,NA
"216",0.630295932292938,0.910821616649628,"test",100,3,"relu",0.3,NA
"217",0.514698803424835,0.931784093379974,"train",200,3,"sigmoid",0.1,NA
"218",0.613419532775879,0.903807640075684,"test",200,3,"sigmoid",0.1,NA
"219",0.537560939788818,0.924037992954254,"train",200,3,"sigmoid",0.2,NA
"220",0.637233674526215,0.889779567718506,"test",200,3,"sigmoid",0.2,NA
"221",0.44493094086647,0.933033466339111,"train",200,3,"sigmoid",0.3,NA
"222",0.513783276081085,0.903807640075684,"test",200,3,"sigmoid",0.3,NA
"223",0.806088507175446,0.922288835048676,"train",200,3,"relu",0.1,NA
"224",0.809167921543121,0.903807640075684,"test",200,3,"relu",0.1,NA
"225",0.680595993995667,0.93328332901001,"train",200,3,"relu",0.2,NA
"226",0.699208736419678,0.917835652828217,"test",200,3,"relu",0.2,NA
"227",0.679919362068176,0.935782134532928,"train",200,3,"relu",0.3,NA
"228",0.627639591693878,0.917835652828217,"test",200,3,"relu",0.3,NA
"229",0.579331517219543,0.930034995079041,"train",300,3,"sigmoid",0.1,NA
"230",0.644852340221405,0.908817648887634,"test",300,3,"sigmoid",0.1,NA
"231",0.537839770317078,0.935782134532928,"train",300,3,"sigmoid",0.2,NA
"232",0.605291247367859,0.910821616649628,"test",300,3,"sigmoid",0.2,NA
"233",0.618469655513763,0.924287855625153,"train",300,3,"sigmoid",0.3,NA
"234",0.679286897182465,0.896793603897095,"test",300,3,"sigmoid",0.3,NA
"235",0.840262591838837,0.924287855625153,"train",300,3,"relu",0.1,NA
"236",0.888110041618347,0.907815635204315,"test",300,3,"relu",0.1,NA
"237",0.723824262619019,0.940779626369476,"train",300,3,"relu",0.2,NA
"238",0.774288952350616,0.917835652828217,"test",300,3,"relu",0.2,NA
"239",0.810566782951355,0.928285837173462,"train",300,3,"relu",0.3,NA
"240",0.83437192440033,0.910821616649628,"test",300,3,"relu",0.3,NA
"241",0.602940678596497,0.935032486915588,"train",400,3,"sigmoid",0.1,NA
"242",0.680850744247437,0.907815635204315,"test",400,3,"sigmoid",0.1,NA
"243",0.483893930912018,0.941779136657715,"train",400,3,"sigmoid",0.2,NA
"244",0.534068405628204,0.913827657699585,"test",400,3,"sigmoid",0.2,NA
"245",0.755005359649658,0.917541205883026,"train",400,3,"sigmoid",0.3,NA
"246",0.786946594715118,0.893787562847137,"test",400,3,"sigmoid",0.3,NA
"247",0.6173095703125,0.945777118206024,"train",400,3,"relu",0.1,NA
"248",0.640764713287354,0.926853716373444,"test",400,3,"relu",0.1,NA
"249",0.644271612167358,0.936031997203827,"train",400,3,"relu",0.2,NA
"250",0.754699945449829,0.917835652828217,"test",400,3,"relu",0.2,NA
"251",0.898900151252747,0.935032486915588,"train",400,3,"relu",0.3,NA
"252",0.866409182548523,0.918837666511536,"test",400,3,"relu",0.3,NA
"253",0.804916024208069,0.821589231491089,"train",10,4,"sigmoid",0.1,NA
"254",0.862001657485962,0.787575125694275,"test",10,4,"sigmoid",0.1,NA
"255",1.02914035320282,0.730634689331055,"train",10,4,"sigmoid",0.2,NA
"256",1.06372427940369,0.700400829315186,"test",10,4,"sigmoid",0.2,NA
"257",1.33226561546326,0.603448271751404,"train",10,4,"sigmoid",0.3,NA
"258",1.30236959457397,0.586172342300415,"test",10,4,"sigmoid",0.3,NA
"259",0.56841367483139,0.871064484119415,"train",10,4,"relu",0.1,NA
"260",0.76300048828125,0.830661296844482,"test",10,4,"relu",0.1,NA
"261",0.913070678710938,0.848325848579407,"train",10,4,"relu",0.2,NA
"262",1.0622456073761,0.809619247913361,"test",10,4,"relu",0.2,NA
"263",0.940510272979736,0.746876537799835,"train",10,4,"relu",0.3,NA
"264",1.10025632381439,0.720440864562988,"test",10,4,"relu",0.3,NA
"265",0.398080319166183,0.884307861328125,"train",25,4,"sigmoid",0.1,NA
"266",0.540601849555969,0.852705419063568,"test",25,4,"sigmoid",0.1,NA
"267",0.450269907712936,0.872313857078552,"train",25,4,"sigmoid",0.2,NA
"268",0.530159175395966,0.854709446430206,"test",25,4,"sigmoid",0.2,NA
"269",0.616775214672089,0.852323830127716,"train",25,4,"sigmoid",0.3,NA
"270",0.670372605323792,0.836673319339752,"test",25,4,"sigmoid",0.3,NA
"271",0.357240736484528,0.928035974502563,"train",25,4,"relu",0.1,NA
"272",0.532356023788452,0.882765531539917,"test",25,4,"relu",0.1,NA
"273",0.572028756141663,0.907296359539032,"train",25,4,"relu",0.2,NA
"274",0.774756908416748,0.864729464054108,"test",25,4,"relu",0.2,NA
"275",0.490418463945389,0.888055980205536,"train",25,4,"relu",0.3,NA
"276",0.668878316879272,0.85070139169693,"test",25,4,"relu",0.3,NA
"277",0.320508658885956,0.928785622119904,"train",50,4,"sigmoid",0.1,NA
"278",0.447850167751312,0.896793603897095,"test",50,4,"sigmoid",0.1,NA
"279",0.321653813123703,0.916041970252991,"train",50,4,"sigmoid",0.2,NA
"280",0.421443939208984,0.885771572589874,"test",50,4,"sigmoid",0.2,NA
"281",0.378819137811661,0.888805568218231,"train",50,4,"sigmoid",0.3,NA
"282",0.485346496105194,0.863727450370789,"test",50,4,"sigmoid",0.3,NA
"283",0.475765734910965,0.941529214382172,"train",50,4,"relu",0.1,NA
"284",0.606364130973816,0.913827657699585,"test",50,4,"relu",0.1,NA
"285",0.474445432424545,0.937531232833862,"train",50,4,"relu",0.2,NA
"286",0.522010803222656,0.912825644016266,"test",50,4,"relu",0.2,NA
"287",0.441596627235413,0.928785622119904,"train",50,4,"relu",0.3,NA
"288",0.591460049152374,0.885771572589874,"test",50,4,"relu",0.3,NA
"289",0.401037454605103,0.935532212257385,"train",100,4,"sigmoid",0.1,NA
"290",0.499283760786057,0.902805626392365,"test",100,4,"sigmoid",0.1,NA
"291",0.335583180189133,0.940029978752136,"train",100,4,"sigmoid",0.2,NA
"292",0.463255763053894,0.904809594154358,"test",100,4,"sigmoid",0.2,NA
"293",0.331155598163605,0.938030958175659,"train",100,4,"sigmoid",0.3,NA
"294",0.433731585741043,0.899799585342407,"test",100,4,"sigmoid",0.3,NA
"295",0.668817818164825,0.925287365913391,"train",100,4,"relu",0.1,NA
"296",0.68544203042984,0.905811607837677,"test",100,4,"relu",0.1,NA
"297",0.561726272106171,0.937781095504761,"train",100,4,"relu",0.2,NA
"298",0.591246604919434,0.909819662570953,"test",100,4,"relu",0.2,NA
"299",0.72660106420517,0.926536738872528,"train",100,4,"relu",0.3,NA
"300",0.767843782901764,0.895791590213776,"test",100,4,"relu",0.3,NA
"301",0.404421329498291,0.945027470588684,"train",200,4,"sigmoid",0.1,NA
"302",0.554460227489471,0.915831685066223,"test",200,4,"sigmoid",0.1,NA
"303",0.383928269147873,0.942778587341309,"train",200,4,"sigmoid",0.2,NA
"304",0.494151204824448,0.909819662570953,"test",200,4,"sigmoid",0.2,NA
"305",0.375180780887604,0.940029978752136,"train",200,4,"sigmoid",0.3,NA
"306",0.472879886627197,0.906813621520996,"test",200,4,"sigmoid",0.3,NA
"307",1.1400808095932,0.910544753074646,"train",200,4,"relu",0.1,NA
"308",1.1119978427887,0.892785549163818,"test",200,4,"relu",0.1,NA
"309",0.64182984828949,0.941279351711273,"train",200,4,"relu",0.2,NA
"310",0.75689685344696,0.913827657699585,"test",200,4,"relu",0.2,NA
"311",0.474628359079361,0.944027960300446,"train",200,4,"relu",0.3,NA
"312",0.488917231559753,0.923847675323486,"test",200,4,"relu",0.3,NA
"313",0.533889830112457,0.938030958175659,"train",300,4,"sigmoid",0.1,NA
"314",0.654257476329803,0.911823630332947,"test",300,4,"sigmoid",0.1,NA
"315",0.542569994926453,0.935532212257385,"train",300,4,"sigmoid",0.2,NA
"316",0.630768656730652,0.908817648887634,"test",300,4,"sigmoid",0.2,NA
"317",0.513251483440399,0.933783113956451,"train",300,4,"sigmoid",0.3,NA
"318",0.606137633323669,0.907815635204315,"test",300,4,"sigmoid",0.3,NA
"319",0.505637228488922,0.933033466339111,"train",300,4,"relu",0.1,NA
"320",0.626072227954865,0.904809594154358,"test",300,4,"relu",0.1,NA
"321",0.643982768058777,0.94252872467041,"train",300,4,"relu",0.2,NA
"322",0.755640208721161,0.905811607837677,"test",300,4,"relu",0.2,NA
"323",0.82129168510437,0.92553722858429,"train",300,4,"relu",0.3,NA
"324",0.841424584388733,0.894789576530457,"test",300,4,"relu",0.3,NA
"325",0.521116197109222,0.939530253410339,"train",400,4,"sigmoid",0.1,NA
"326",0.685380280017853,0.912825644016266,"test",400,4,"sigmoid",0.1,NA
"327",0.636852622032166,0.9292853474617,"train",400,4,"sigmoid",0.2,NA
"328",0.731558561325073,0.908817648887634,"test",400,4,"sigmoid",0.2,NA
"329",0.616031408309937,0.932533740997314,"train",400,4,"sigmoid",0.3,NA
"330",0.695666134357452,0.909819662570953,"test",400,4,"sigmoid",0.3,NA
"331",0.968847274780273,0.931784093379974,"train",400,4,"relu",0.1,NA
"332",0.94035792350769,0.913827657699585,"test",400,4,"relu",0.1,NA
"333",1.60154390335083,0.921789109706879,"train",400,4,"relu",0.2,NA
"334",1.66579687595367,0.895791590213776,"test",400,4,"relu",0.2,NA
"335",0.591361463069916,0.94727635383606,"train",400,4,"relu",0.3,NA
"336",0.682832181453705,0.923847675323486,"test",400,4,"relu",0.3,NA
"337",0.494280934333801,0.863068461418152,"train",10,2,"sigmoid",0.1,32
"338",0.549790322780609,0.839679360389709,"test",10,2,"sigmoid",0.1,32
"339",0.566060781478882,0.85557222366333,"train",10,2,"sigmoid",0.1,64
"340",0.597767472267151,0.840681374073029,"test",10,2,"sigmoid",0.1,64
"341",0.665912389755249,0.84157919883728,"train",10,2,"sigmoid",0.1,128
"342",0.642876267433167,0.848697423934937,"test",10,2,"sigmoid",0.1,128
"343",0.8878493309021,0.810094952583313,"train",10,2,"sigmoid",0.1,256
"344",0.834872603416443,0.816633284091949,"test",10,2,"sigmoid",0.1,256
"345",0.51359623670578,0.854072988033295,"train",10,2,"sigmoid",0.2,32
"346",0.570810377597809,0.840681374073029,"test",10,2,"sigmoid",0.2,32
"347",0.622456610202789,0.846076965332031,"train",10,2,"sigmoid",0.2,64
"348",0.635958671569824,0.836673319339752,"test",10,2,"sigmoid",0.2,64
"349",0.704428195953369,0.828585684299469,"train",10,2,"sigmoid",0.2,128
"350",0.679916501045227,0.829659342765808,"test",10,2,"sigmoid",0.2,128
"351",0.89415431022644,0.818340837955475,"train",10,2,"sigmoid",0.2,256
"352",0.842872798442841,0.825651288032532,"test",10,2,"sigmoid",0.2,256
"353",0.586628615856171,0.840579688549042,"train",10,2,"sigmoid",0.3,32
"354",0.608919680118561,0.831663310527802,"test",10,2,"sigmoid",0.3,32
"355",0.65730208158493,0.840829610824585,"train",10,2,"sigmoid",0.3,64
"356",0.642504274845123,0.842685341835022,"test",10,2,"sigmoid",0.3,64
"357",0.751271307468414,0.83308345079422,"train",10,2,"sigmoid",0.3,128
"358",0.725059151649475,0.832665324211121,"test",10,2,"sigmoid",0.3,128
"359",0.86828601360321,0.814592719078064,"train",10,2,"sigmoid",0.3,256
"360",0.835324168205261,0.817635297775269,"test",10,2,"sigmoid",0.3,256
"361",0.542740225791931,0.895552217960358,"train",10,2,"relu",0.1,32
"362",0.62641441822052,0.854709446430206,"test",10,2,"relu",0.1,32
"363",0.472872257232666,0.880809605121613,"train",10,2,"relu",0.1,64
"364",0.538115501403809,0.854709446430206,"test",10,2,"relu",0.1,64
"365",0.509447395801544,0.858320832252502,"train",10,2,"relu",0.1,128
"366",0.545155882835388,0.840681374073029,"test",10,2,"relu",0.1,128
"367",0.581446707248688,0.846576690673828,"train",10,2,"relu",0.1,256
"368",0.599172651767731,0.840681374073029,"test",10,2,"relu",0.1,256
"369",0.623362243175507,0.869315326213837,"train",10,2,"relu",0.2,32
"370",0.697127997875214,0.840681374073029,"test",10,2,"relu",0.2,32
"371",0.520459532737732,0.861569225788116,"train",10,2,"relu",0.2,64
"372",0.54349410533905,0.852705419063568,"test",10,2,"relu",0.2,64
"373",0.584427714347839,0.853073477745056,"train",10,2,"relu",0.2,128
"374",0.60652083158493,0.842685341835022,"test",10,2,"relu",0.2,128
"375",0.568356692790985,0.845577239990234,"train",10,2,"relu",0.2,256
"376",0.560251832008362,0.854709446430206,"test",10,2,"relu",0.2,256
"377",0.50683182477951,0.868565738201141,"train",10,2,"relu",0.3,32
"378",0.581354677677155,0.829659342765808,"test",10,2,"relu",0.3,32
"379",0.629861652851105,0.844827592372894,"train",10,2,"relu",0.3,64
"380",0.664165258407593,0.834669351577759,"test",10,2,"relu",0.3,64
"381",0.585525989532471,0.846826612949371,"train",10,2,"relu",0.3,128
"382",0.607195436954498,0.841683387756348,"test",10,2,"relu",0.3,128
"383",0.629404723644257,0.839580237865448,"train",10,2,"relu",0.3,256
"384",0.607984781265259,0.834669351577759,"test",10,2,"relu",0.3,256
"385",0.33356699347496,0.911794126033783,"train",25,2,"sigmoid",0.1,32
"386",0.407886147499084,0.878757536411285,"test",25,2,"sigmoid",0.1,32
"387",0.382253557443619,0.892303824424744,"train",25,2,"sigmoid",0.1,64
"388",0.434700161218643,0.871743500232697,"test",25,2,"sigmoid",0.1,64
"389",0.458523541688919,0.866316854953766,"train",25,2,"sigmoid",0.1,128
"390",0.473665446043015,0.855711400508881,"test",25,2,"sigmoid",0.1,128
"391",0.582465827465057,0.849325358867645,"train",25,2,"sigmoid",0.1,256
"392",0.563102006912231,0.858717441558838,"test",25,2,"sigmoid",0.1,256
"393",0.3753801882267,0.901299357414246,"train",25,2,"sigmoid",0.2,32
"394",0.459049314260483,0.869739472866058,"test",25,2,"sigmoid",0.2,32
"395",0.390767097473145,0.880309820175171,"train",25,2,"sigmoid",0.2,64
"396",0.445040643215179,0.862725436687469,"test",25,2,"sigmoid",0.2,64
"397",0.493459910154343,0.858820617198944,"train",25,2,"sigmoid",0.2,128
"398",0.499525099992752,0.858717441558838,"test",25,2,"sigmoid",0.2,128
"399",0.649240255355835,0.846826612949371,"train",25,2,"sigmoid",0.2,256
"400",0.610828459262848,0.852705419063568,"test",25,2,"sigmoid",0.2,256
"401",0.387474298477173,0.897801101207733,"train",25,2,"sigmoid",0.3,32
"402",0.438863426446915,0.878757536411285,"test",25,2,"sigmoid",0.3,32
"403",0.432365626096725,0.873313367366791,"train",25,2,"sigmoid",0.3,64
"404",0.477629452943802,0.858717441558838,"test",25,2,"sigmoid",0.3,64
"405",0.514039874076843,0.856821596622467,"train",25,2,"sigmoid",0.3,128
"406",0.515314400196075,0.855711400508881,"test",25,2,"sigmoid",0.3,128
"407",0.632456719875336,0.840329825878143,"train",25,2,"sigmoid",0.3,256
"408",0.604745030403137,0.843687355518341,"test",25,2,"sigmoid",0.3,256
"409",0.564855813980103,0.921789109706879,"train",25,2,"relu",0.1,32
"410",0.627586007118225,0.878757536411285,"test",25,2,"relu",0.1,32
"411",0.402599036693573,0.920289874076843,"train",25,2,"relu",0.1,64
"412",0.482944279909134,0.881763517856598,"test",25,2,"relu",0.1,64
"413",0.415485590696335,0.910794615745544,"train",25,2,"relu",0.1,128
"414",0.463530570268631,0.875751495361328,"test",25,2,"relu",0.1,128
"415",0.420811027288437,0.887306332588196,"train",25,2,"relu",0.1,256
"416",0.446732968091965,0.869739472866058,"test",25,2,"relu",0.1,256
"417",0.560999512672424,0.909045457839966,"train",25,2,"relu",0.2,32
"418",0.665513873100281,0.869739472866058,"test",25,2,"relu",0.2,32
"419",0.451154917478561,0.916791617870331,"train",25,2,"relu",0.2,64
"420",0.51360547542572,0.880761504173279,"test",25,2,"relu",0.2,64
"421",0.37822762131691,0.900799572467804,"train",25,2,"relu",0.2,128
"422",0.429759174585342,0.874749481678009,"test",25,2,"relu",0.2,128
"423",0.435658037662506,0.880809605121613,"train",25,2,"relu",0.2,256
"424",0.461369156837463,0.869739472866058,"test",25,2,"relu",0.2,256
"425",0.676089882850647,0.906546711921692,"train",25,2,"relu",0.3,32
"426",0.773789525032043,0.869739472866058,"test",25,2,"relu",0.3,32
"427",0.443777471780777,0.902298867702484,"train",25,2,"relu",0.3,64
"428",0.496886193752289,0.874749481678009,"test",25,2,"relu",0.3,64
"429",0.397045522928238,0.896052002906799,"train",25,2,"relu",0.3,128
"430",0.442746520042419,0.872745513916016,"test",25,2,"relu",0.3,128
"431",0.464338392019272,0.8680659532547,"train",25,2,"relu",0.3,256
"432",0.476695209741592,0.855711400508881,"test",25,2,"relu",0.3,256
"433",0.366899162530899,0.929535210132599,"train",50,2,"sigmoid",0.1,32
"434",0.447902709245682,0.888777554035187,"test",50,2,"sigmoid",0.1,32
"435",0.330646604299545,0.921289384365082,"train",50,2,"sigmoid",0.1,64
"436",0.404097139835358,0.888777554035187,"test",50,2,"sigmoid",0.1,64
"437",0.36457833647728,0.897301375865936,"train",50,2,"sigmoid",0.1,128
"438",0.410772502422333,0.878757536411285,"test",50,2,"sigmoid",0.1,128
"439",0.464217573404312,0.861319363117218,"train",50,2,"sigmoid",0.1,256
"440",0.474190831184387,0.865731477737427,"test",50,2,"sigmoid",0.1,256
"441",0.355218350887299,0.923288345336914,"train",50,2,"sigmoid",0.2,32
"442",0.405927538871765,0.897795617580414,"test",50,2,"sigmoid",0.2,32
"443",0.359158992767334,0.910294830799103,"train",50,2,"sigmoid",0.2,64
"444",0.410330057144165,0.885771572589874,"test",50,2,"sigmoid",0.2,64
"445",0.39659571647644,0.88580709695816,"train",50,2,"sigmoid",0.2,128
"446",0.425904750823975,0.869739472866058,"test",50,2,"sigmoid",0.2,128
"447",0.463994473218918,0.857571184635162,"train",50,2,"sigmoid",0.2,256
"448",0.462701261043549,0.86172342300415,"test",50,2,"sigmoid",0.2,256
"449",0.361459791660309,0.911794126033783,"train",50,2,"sigmoid",0.3,32
"450",0.414356023073196,0.886773526668549,"test",50,2,"sigmoid",0.3,32
"451",0.387836039066315,0.904297828674316,"train",50,2,"sigmoid",0.3,64
"452",0.432587474584579,0.876753509044647,"test",50,2,"sigmoid",0.3,64
"453",0.40905836224556,0.879060447216034,"train",50,2,"sigmoid",0.3,128
"454",0.440913528203964,0.868737459182739,"test",50,2,"sigmoid",0.3,128
"455",0.497374683618546,0.853573203086853,"train",50,2,"sigmoid",0.3,256
"456",0.496942818164825,0.854709446430206,"test",50,2,"sigmoid",0.3,256
"457",0.605946063995361,0.926536738872528,"train",50,2,"relu",0.1,32
"458",0.662794828414917,0.893787562847137,"test",50,2,"relu",0.1,32
"459",0.480532854795456,0.925787091255188,"train",50,2,"relu",0.1,64
"460",0.563673555850983,0.891783595085144,"test",50,2,"relu",0.1,64
"461",0.463695406913757,0.924037992954254,"train",50,2,"relu",0.1,128
"462",0.505150616168976,0.884769558906555,"test",50,2,"relu",0.1,128
"463",0.407144248485565,0.91304349899292,"train",50,2,"relu",0.1,256
"464",0.438218533992767,0.882765531539917,"test",50,2,"relu",0.1,256
"465",0.608569443225861,0.924537718296051,"train",50,2,"relu",0.2,32
"466",0.644264936447144,0.889779567718506,"test",50,2,"relu",0.2,32
"467",0.458739280700684,0.923788130283356,"train",50,2,"relu",0.2,64
"468",0.515318155288696,0.885771572589874,"test",50,2,"relu",0.2,64
"469",0.505630791187286,0.918290853500366,"train",50,2,"relu",0.2,128
"470",0.520108461380005,0.885771572589874,"test",50,2,"relu",0.2,128
"471",0.397131681442261,0.913543224334717,"train",50,2,"relu",0.2,256
"472",0.423220902681351,0.884769558906555,"test",50,2,"relu",0.2,256
"473",0.723413944244385,0.922038972377777,"train",50,2,"relu",0.3,32
"474",0.740377604961395,0.886773526668549,"test",50,2,"relu",0.3,32
"475",0.511261701583862,0.923288345336914,"train",50,2,"relu",0.3,64
"476",0.563817620277405,0.888777554035187,"test",50,2,"relu",0.3,64
"477",0.399691045284271,0.92078959941864,"train",50,2,"relu",0.3,128
"478",0.4521704018116,0.883767545223236,"test",50,2,"relu",0.3,128
"479",0.413679361343384,0.901799082756042,"train",50,2,"relu",0.3,256
"480",0.439267069101334,0.872745513916016,"test",50,2,"relu",0.3,256
"481",0.414935857057571,0.928535759449005,"train",100,2,"sigmoid",0.1,32
"482",0.4709792137146,0.892785549163818,"test",100,2,"sigmoid",0.1,32
"483",0.354562014341354,0.926036953926086,"train",100,2,"sigmoid",0.1,64
"484",0.414135277271271,0.893787562847137,"test",100,2,"sigmoid",0.1,64
"485",0.344082683324814,0.914792597293854,"train",100,2,"sigmoid",0.1,128
"486",0.380983352661133,0.885771572589874,"test",100,2,"sigmoid",0.1,128
"487",0.3852778673172,0.883558213710785,"train",100,2,"sigmoid",0.1,256
"488",0.404275089502335,0.87374746799469,"test",100,2,"sigmoid",0.1,256
"489",0.39953824877739,0.931034505367279,"train",100,2,"sigmoid",0.2,32
"490",0.452870339155197,0.896793603897095,"test",100,2,"sigmoid",0.2,32
"491",0.339003413915634,0.924037992954254,"train",100,2,"sigmoid",0.2,64
"492",0.390712410211563,0.894789576530457,"test",100,2,"sigmoid",0.2,64
"493",0.365734815597534,0.913293361663818,"train",100,2,"sigmoid",0.2,128
"494",0.403772294521332,0.883767545223236,"test",100,2,"sigmoid",0.2,128
"495",0.408691048622131,0.871564209461212,"train",100,2,"sigmoid",0.2,256
"496",0.425031691789627,0.866733491420746,"test",100,2,"sigmoid",0.2,256
"497",0.366242974996567,0.930534720420837,"train",100,2,"sigmoid",0.3,32
"498",0.408971279859543,0.893787562847137,"test",100,2,"sigmoid",0.3,32
"499",0.363506525754929,0.921789109706879,"train",100,2,"sigmoid",0.3,64
"500",0.412927508354187,0.892785549163818,"test",100,2,"sigmoid",0.3,64
"501",0.350970208644867,0.902298867702484,"train",100,2,"sigmoid",0.3,128
"502",0.395770370960236,0.882765531539917,"test",100,2,"sigmoid",0.3,128
"503",0.434125691652298,0.865317344665527,"train",100,2,"sigmoid",0.3,256
"504",0.443683713674545,0.860721468925476,"test",100,2,"sigmoid",0.3,256
"505",0.63466465473175,0.930034995079041,"train",100,2,"relu",0.1,32
"506",0.660669267177582,0.909819662570953,"test",100,2,"relu",0.1,32
"507",0.52081286907196,0.927036464214325,"train",100,2,"relu",0.1,64
"508",0.541480243206024,0.897795617580414,"test",100,2,"relu",0.1,64
"509",0.517693281173706,0.924537718296051,"train",100,2,"relu",0.1,128
"510",0.524752497673035,0.897795617580414,"test",100,2,"relu",0.1,128
"511",0.415054440498352,0.922038972377777,"train",100,2,"relu",0.1,256
"512",0.448576718568802,0.891783595085144,"test",100,2,"relu",0.1,256
"513",0.555625855922699,0.933533251285553,"train",100,2,"relu",0.2,32
"514",0.575285375118256,0.914829671382904,"test",100,2,"relu",0.2,32
"515",0.567578971385956,0.921789109706879,"train",100,2,"relu",0.2,64
"516",0.6012202501297,0.899799585342407,"test",100,2,"relu",0.2,64
"517",0.460761964321136,0.922288835048676,"train",100,2,"relu",0.2,128
"518",0.487901777029037,0.895791590213776,"test",100,2,"relu",0.2,128
"519",0.393728703260422,0.919540226459503,"train",100,2,"relu",0.2,256
"520",0.418147325515747,0.893787562847137,"test",100,2,"relu",0.2,256
"521",0.59050452709198,0.925787091255188,"train",100,2,"relu",0.3,32
"522",0.600350677967072,0.899799585342407,"test",100,2,"relu",0.3,32
"523",0.526867866516113,0.923538208007812,"train",100,2,"relu",0.3,64
"524",0.540241181850433,0.894789576530457,"test",100,2,"relu",0.3,64
"525",0.391283065080643,0.930284857749939,"train",100,2,"relu",0.3,128
"526",0.427633374929428,0.894789576530457,"test",100,2,"relu",0.3,128
"527",0.385823011398315,0.918290853500366,"train",100,2,"relu",0.3,256
"528",0.412093698978424,0.888777554035187,"test",100,2,"relu",0.3,256
"529",0.561771273612976,0.925037503242493,"train",200,2,"sigmoid",0.1,32
"530",0.581040024757385,0.892785549163818,"test",200,2,"sigmoid",0.1,32
"531",0.41755336523056,0.926786601543427,"train",200,2,"sigmoid",0.1,64
"532",0.462177097797394,0.897795617580414,"test",200,2,"sigmoid",0.1,64
"533",0.38504883646965,0.92078959941864,"train",200,2,"sigmoid",0.1,128
"534",0.425408661365509,0.885771572589874,"test",200,2,"sigmoid",0.1,128
"535",0.3776014149189,0.901299357414246,"train",200,2,"sigmoid",0.1,256
"536",0.407826483249664,0.874749481678009,"test",200,2,"sigmoid",0.1,256
"537",0.471335738897324,0.929035484790802,"train",200,2,"sigmoid",0.2,32
"538",0.490888655185699,0.899799585342407,"test",200,2,"sigmoid",0.2,32
"539",0.420085698366165,0.925787091255188,"train",200,2,"sigmoid",0.2,64
"540",0.452562808990479,0.889779567718506,"test",200,2,"sigmoid",0.2,64
"541",0.379365384578705,0.916791617870331,"train",200,2,"sigmoid",0.2,128
"542",0.419100135564804,0.885771572589874,"test",200,2,"sigmoid",0.2,128
"543",0.402593433856964,0.891804099082947,"train",200,2,"sigmoid",0.2,256
"544",0.426423966884613,0.874749481678009,"test",200,2,"sigmoid",0.2,256
"545",0.512030601501465,0.925787091255188,"train",200,2,"sigmoid",0.3,32
"546",0.542454481124878,0.895791590213776,"test",200,2,"sigmoid",0.3,32
"547",0.39919900894165,0.925037503242493,"train",200,2,"sigmoid",0.3,64
"548",0.44275626540184,0.896793603897095,"test",200,2,"sigmoid",0.3,64
"549",0.37245786190033,0.912793576717377,"train",200,2,"sigmoid",0.3,128
"550",0.402671754360199,0.885771572589874,"test",200,2,"sigmoid",0.3,128
"551",0.405159890651703,0.884307861328125,"train",200,2,"sigmoid",0.3,256
"552",0.428264170885086,0.866733491420746,"test",200,2,"sigmoid",0.3,256
"553",0.882537961006165,0.920289874076843,"train",200,2,"relu",0.1,32
"554",0.849658608436584,0.900801599025726,"test",200,2,"relu",0.1,32
"555",0.593075811862946,0.924787580966949,"train",200,2,"relu",0.1,64
"556",0.591456949710846,0.900801599025726,"test",200,2,"relu",0.1,64
"557",0.510119915008545,0.925787091255188,"train",200,2,"relu",0.1,128
"558",0.513557553291321,0.899799585342407,"test",200,2,"relu",0.1,128
"559",0.421958744525909,0.927036464214325,"train",200,2,"relu",0.1,256
"560",0.439862787723541,0.899799585342407,"test",200,2,"relu",0.1,256
"561",0.662008225917816,0.929035484790802,"train",200,2,"relu",0.2,32
"562",0.63540107011795,0.908817648887634,"test",200,2,"relu",0.2,32
"563",0.678237020969391,0.917791128158569,"train",200,2,"relu",0.2,64
"564",0.655147969722748,0.896793603897095,"test",200,2,"relu",0.2,64
"565",0.491887748241425,0.924537718296051,"train",200,2,"relu",0.2,128
"566",0.498485714197159,0.898797571659088,"test",200,2,"relu",0.2,128
"567",0.438891172409058,0.92628687620163,"train",200,2,"relu",0.2,256
"568",0.462814748287201,0.901803612709045,"test",200,2,"relu",0.2,256
"569",0.785926461219788,0.913293361663818,"train",200,2,"relu",0.3,32
"570",0.783144414424896,0.895791590213776,"test",200,2,"relu",0.3,32
"571",0.564326405525208,0.926536738872528,"train",200,2,"relu",0.3,64
"572",0.573638677597046,0.907815635204315,"test",200,2,"relu",0.3,64
"573",0.511681854724884,0.923788130283356,"train",200,2,"relu",0.3,128
"574",0.521068394184113,0.900801599025726,"test",200,2,"relu",0.3,128
"575",0.362710267305374,0.929535210132599,"train",200,2,"relu",0.3,256
"576",0.402884393930435,0.900801599025726,"test",200,2,"relu",0.3,256
"577",0.549424827098846,0.927786111831665,"train",300,2,"sigmoid",0.1,32
"578",0.574300527572632,0.900801599025726,"test",300,2,"sigmoid",0.1,32
"579",0.458561062812805,0.927286386489868,"train",300,2,"sigmoid",0.1,64
"580",0.50925475358963,0.892785549163818,"test",300,2,"sigmoid",0.1,64
"581",0.426791906356812,0.920289874076843,"train",300,2,"sigmoid",0.1,128
"582",0.466707795858383,0.883767545223236,"test",300,2,"sigmoid",0.1,128
"583",0.336270213127136,0.916791617870331,"train",300,2,"sigmoid",0.1,256
"584",0.379830241203308,0.884769558906555,"test",300,2,"sigmoid",0.1,256
"585",0.631721794605255,0.923788130283356,"train",300,2,"sigmoid",0.2,32
"586",0.632014572620392,0.887775540351868,"test",300,2,"sigmoid",0.2,32
"587",0.50271874666214,0.924287855625153,"train",300,2,"sigmoid",0.2,64
"588",0.527424454689026,0.888777554035187,"test",300,2,"sigmoid",0.2,64
"589",0.424757272005081,0.918040990829468,"train",300,2,"sigmoid",0.2,128
"590",0.469398111104965,0.87975949048996,"test",300,2,"sigmoid",0.2,128
"591",0.401879549026489,0.900799572467804,"train",300,2,"sigmoid",0.2,256
"592",0.42957392334938,0.871743500232697,"test",300,2,"sigmoid",0.2,256
"593",0.484250336885452,0.927536249160767,"train",300,2,"sigmoid",0.3,32
"594",0.506242096424103,0.902805626392365,"test",300,2,"sigmoid",0.3,32
"595",0.423254877328873,0.926036953926086,"train",300,2,"sigmoid",0.3,64
"596",0.45177161693573,0.892785549163818,"test",300,2,"sigmoid",0.3,64
"597",0.368990987539291,0.918790578842163,"train",300,2,"sigmoid",0.3,128
"598",0.404439002275467,0.888777554035187,"test",300,2,"sigmoid",0.3,128
"599",0.397109061479568,0.898050963878632,"train",300,2,"sigmoid",0.3,256
"600",0.424584209918976,0.877755522727966,"test",300,2,"sigmoid",0.3,256
"601",0.711583077907562,0.925287365913391,"train",300,2,"relu",0.1,32
"602",0.724631071090698,0.908817648887634,"test",300,2,"relu",0.1,32
"603",0.643702626228333,0.923288345336914,"train",300,2,"relu",0.1,64
"604",0.641237199306488,0.900801599025726,"test",300,2,"relu",0.1,64
"605",0.473635137081146,0.926536738872528,"train",300,2,"relu",0.1,128
"606",0.489881366491318,0.899799585342407,"test",300,2,"relu",0.1,128
"607",0.4844970703125,0.922538757324219,"train",300,2,"relu",0.1,256
"608",0.502118468284607,0.900801599025726,"test",300,2,"relu",0.1,256
"609",0.841947317123413,0.921289384365082,"train",300,2,"relu",0.2,32
"610",0.799052715301514,0.898797571659088,"test",300,2,"relu",0.2,32
"611",0.556375026702881,0.92628687620163,"train",300,2,"relu",0.2,64
"612",0.566377222537994,0.910821616649628,"test",300,2,"relu",0.2,64
"613",0.512756168842316,0.925287365913391,"train",300,2,"relu",0.2,128
"614",0.524738967418671,0.897795617580414,"test",300,2,"relu",0.2,128
"615",0.48602032661438,0.92553722858429,"train",300,2,"relu",0.2,256
"616",0.488226383924484,0.896793603897095,"test",300,2,"relu",0.2,256
"617",0.657916724681854,0.925037503242493,"train",300,2,"relu",0.3,32
"618",0.63507491350174,0.911823630332947,"test",300,2,"relu",0.3,32
"619",0.636650085449219,0.922288835048676,"train",300,2,"relu",0.3,64
"620",0.624019384384155,0.907815635204315,"test",300,2,"relu",0.3,64
"621",0.547701597213745,0.922288835048676,"train",300,2,"relu",0.3,128
"622",0.546654343605042,0.902805626392365,"test",300,2,"relu",0.3,128
"623",0.435381680727005,0.923038482666016,"train",300,2,"relu",0.3,256
"624",0.454377442598343,0.897795617580414,"test",300,2,"relu",0.3,256
"625",0.596061408519745,0.92553722858429,"train",400,2,"sigmoid",0.1,32
"626",0.62212347984314,0.891783595085144,"test",400,2,"sigmoid",0.1,32
"627",0.533515453338623,0.923788130283356,"train",400,2,"sigmoid",0.1,64
"628",0.570321798324585,0.889779567718506,"test",400,2,"sigmoid",0.1,64
"629",0.4417445063591,0.92153924703598,"train",400,2,"sigmoid",0.1,128
"630",0.480164766311646,0.881763517856598,"test",400,2,"sigmoid",0.1,128
"631",0.412719756364822,0.90679657459259,"train",400,2,"sigmoid",0.1,256
"632",0.453632831573486,0.876753509044647,"test",400,2,"sigmoid",0.1,256
"633",0.635557889938354,0.924287855625153,"train",400,2,"sigmoid",0.2,32
"634",0.648422837257385,0.890781581401825,"test",400,2,"sigmoid",0.2,32
"635",0.387400567531586,0.936031997203827,"train",400,2,"sigmoid",0.2,64
"636",0.440477639436722,0.899799585342407,"test",400,2,"sigmoid",0.2,64
"637",0.398672133684158,0.922788619995117,"train",400,2,"sigmoid",0.2,128
"638",0.440062493085861,0.882765531539917,"test",400,2,"sigmoid",0.2,128
"639",0.385560244321823,0.907046496868134,"train",400,2,"sigmoid",0.2,256
"640",0.418751746416092,0.872745513916016,"test",400,2,"sigmoid",0.2,256
"641",0.554352998733521,0.926036953926086,"train",400,2,"sigmoid",0.3,32
"642",0.564758539199829,0.892785549163818,"test",400,2,"sigmoid",0.3,32
"643",0.445134431123734,0.926036953926086,"train",400,2,"sigmoid",0.3,64
"644",0.478634387254715,0.891783595085144,"test",400,2,"sigmoid",0.3,64
"645",0.383134245872498,0.92078959941864,"train",400,2,"sigmoid",0.3,128
"646",0.417953789234161,0.885771572589874,"test",400,2,"sigmoid",0.3,128
"647",0.381737977266312,0.901049494743347,"train",400,2,"sigmoid",0.3,256
"648",0.408701479434967,0.876753509044647,"test",400,2,"sigmoid",0.3,256
"649",0.781215250492096,0.924787580966949,"train",400,2,"relu",0.1,32
"650",0.726941287517548,0.905811607837677,"test",400,2,"relu",0.1,32
"651",0.603454828262329,0.927286386489868,"train",400,2,"relu",0.1,64
"652",0.621327817440033,0.900801599025726,"test",400,2,"relu",0.1,64
"653",0.553712785243988,0.924537718296051,"train",400,2,"relu",0.1,128
"654",0.558669030666351,0.902805626392365,"test",400,2,"relu",0.1,128
"655",0.483578145503998,0.923038482666016,"train",400,2,"relu",0.1,256
"656",0.494188457727432,0.898797571659088,"test",400,2,"relu",0.1,256
"657",0.785214722156525,0.92553722858429,"train",400,2,"relu",0.2,32
"658",0.751150012016296,0.905811607837677,"test",400,2,"relu",0.2,32
"659",0.607865393161774,0.926536738872528,"train",400,2,"relu",0.2,64
"660",0.587282717227936,0.897795617580414,"test",400,2,"relu",0.2,64
"661",0.524777293205261,0.926786601543427,"train",400,2,"relu",0.2,128
"662",0.520923316478729,0.895791590213776,"test",400,2,"relu",0.2,128
"663",0.464326143264771,0.924037992954254,"train",400,2,"relu",0.2,256
"664",0.467426836490631,0.896793603897095,"test",400,2,"relu",0.2,256
"665",0.873980462551117,0.915292382240295,"train",400,2,"relu",0.3,32
"666",0.81401264667511,0.899799585342407,"test",400,2,"relu",0.3,32
"667",0.627191305160522,0.924787580966949,"train",400,2,"relu",0.3,64
"668",0.588324725627899,0.901803612709045,"test",400,2,"relu",0.3,64
"669",0.504916548728943,0.928785622119904,"train",400,2,"relu",0.3,128
"670",0.493068486452103,0.907815635204315,"test",400,2,"relu",0.3,128
"671",0.467008143663406,0.924537718296051,"train",400,2,"relu",0.3,256
"672",0.462186634540558,0.898797571659088,"test",400,2,"relu",0.3,256
"673",0.602232217788696,0.854572713375092,"train",10,3,"sigmoid",0.1,32
"674",0.67492812871933,0.830661296844482,"test",10,3,"sigmoid",0.1,32
"675",0.727673470973969,0.826086938381195,"train",10,3,"sigmoid",0.1,64
"676",0.742083549499512,0.812625229358673,"test",10,3,"sigmoid",0.1,64
"677",0.88331264257431,0.817591190338135,"train",10,3,"sigmoid",0.1,128
"678",0.872125148773193,0.797595202922821,"test",10,3,"sigmoid",0.1,128
"679",1.19586277008057,0.772613704204559,"train",10,3,"sigmoid",0.1,256
"680",1.13847851753235,0.759519040584564,"test",10,3,"sigmoid",0.1,256
"681",0.697894513607025,0.840329825878143,"train",10,3,"sigmoid",0.2,32
"682",0.694438338279724,0.831663310527802,"test",10,3,"sigmoid",0.2,32
"683",0.849808692932129,0.806096971035004,"train",10,3,"sigmoid",0.2,64
"684",0.844648540019989,0.795591175556183,"test",10,3,"sigmoid",0.2,64
"685",1.06921470165253,0.78885555267334,"train",10,3,"sigmoid",0.2,128
"686",1.02244591712952,0.779559135437012,"test",10,3,"sigmoid",0.2,128
"687",1.38870418071747,0.646176934242249,"train",10,3,"sigmoid",0.2,256
"688",1.33843147754669,0.63226455450058,"test",10,3,"sigmoid",0.2,256
"689",0.844226241111755,0.824837565422058,"train",10,3,"sigmoid",0.3,32
"690",0.85769522190094,0.805611193180084,"test",10,3,"sigmoid",0.3,32
"691",0.937311410903931,0.809095442295074,"train",10,3,"sigmoid",0.3,64
"692",0.929013311862946,0.803607225418091,"test",10,3,"sigmoid",0.3,64
"693",1.27455425262451,0.739630162715912,"train",10,3,"sigmoid",0.3,128
"694",1.2283296585083,0.746492981910706,"test",10,3,"sigmoid",0.3,128
"695",1.43009459972382,0.686656653881073,"train",10,3,"sigmoid",0.3,256
"696",1.38935053348541,0.659318625926971,"test",10,3,"sigmoid",0.3,256
"697",0.543039619922638,0.883308351039886,"train",10,3,"relu",0.1,32
"698",0.700979351997375,0.83867734670639,"test",10,3,"relu",0.1,32
"699",0.510698854923248,0.870814621448517,"train",10,3,"relu",0.1,64
"700",0.604907214641571,0.834669351577759,"test",10,3,"relu",0.1,64
"701",0.519680500030518,0.866566717624664,"train",10,3,"relu",0.1,128
"702",0.557758271694183,0.839679360389709,"test",10,3,"relu",0.1,128
"703",0.602840721607208,0.847576200962067,"train",10,3,"relu",0.1,256
"704",0.634021103382111,0.831663310527802,"test",10,3,"relu",0.1,256
"705",0.496907085180283,0.869315326213837,"train",10,3,"relu",0.2,32
"706",0.666542887687683,0.826653301715851,"test",10,3,"relu",0.2,32
"707",0.691723942756653,0.852823615074158,"train",10,3,"relu",0.2,64
"708",0.812043964862823,0.826653301715851,"test",10,3,"relu",0.2,64
"709",0.653482675552368,0.845827102661133,"train",10,3,"relu",0.2,128
"710",0.672355890274048,0.834669351577759,"test",10,3,"relu",0.2,128
"711",0.698351681232452,0.834332823753357,"train",10,3,"relu",0.2,256
"712",0.695255637168884,0.82765531539917,"test",10,3,"relu",0.2,256
"713",0.66923862695694,0.857071459293365,"train",10,3,"relu",0.3,32
"714",0.777941644191742,0.825651288032532,"test",10,3,"relu",0.3,32
"715",0.636647522449493,0.854072988033295,"train",10,3,"relu",0.3,64
"716",0.702671229839325,0.819639265537262,"test",10,3,"relu",0.3,64
"717",0.691217303276062,0.844827592372894,"train",10,3,"relu",0.3,128
"718",0.72018963098526,0.822645306587219,"test",10,3,"relu",0.3,128
"719",0.791966199874878,0.822088956832886,"train",10,3,"relu",0.3,256
"720",0.800742208957672,0.808617234230042,"test",10,3,"relu",0.3,256
"721",0.353211998939514,0.906296849250793,"train",25,3,"sigmoid",0.1,32
"722",0.45549488067627,0.869739472866058,"test",25,3,"sigmoid",0.1,32
"723",0.381204098463058,0.880309820175171,"train",25,3,"sigmoid",0.1,64
"724",0.441986471414566,0.859719455242157,"test",25,3,"sigmoid",0.1,64
"725",0.460366785526276,0.869315326213837,"train",25,3,"sigmoid",0.1,128
"726",0.487590223550797,0.857715427875519,"test",25,3,"sigmoid",0.1,128
"727",0.699782729148865,0.843078434467316,"train",25,3,"sigmoid",0.1,256
"728",0.672723889350891,0.84468936920166,"test",25,3,"sigmoid",0.1,256
"729",0.419248968362808,0.877561211585999,"train",25,3,"sigmoid",0.2,32
"730",0.493970841169357,0.860721468925476,"test",25,3,"sigmoid",0.2,32
"731",0.430713891983032,0.874062955379486,"train",25,3,"sigmoid",0.2,64
"732",0.499349415302277,0.851703405380249,"test",25,3,"sigmoid",0.2,64
"733",0.570567429065704,0.857071459293365,"train",25,3,"sigmoid",0.2,128
"734",0.564503908157349,0.846693396568298,"test",25,3,"sigmoid",0.2,128
"735",0.768094182014465,0.831334352493286,"train",25,3,"sigmoid",0.2,256
"736",0.729491949081421,0.835671365261078,"test",25,3,"sigmoid",0.2,256
"737",0.475327730178833,0.869565188884735,"train",25,3,"sigmoid",0.3,32
"738",0.514353215694427,0.848697423934937,"test",25,3,"sigmoid",0.3,32
"739",0.523514866828918,0.863068461418152,"train",25,3,"sigmoid",0.3,64
"740",0.530886173248291,0.848697423934937,"test",25,3,"sigmoid",0.3,64
"741",0.598142862319946,0.850824594497681,"train",25,3,"sigmoid",0.3,128
"742",0.59414941072464,0.845691382884979,"test",25,3,"sigmoid",0.3,128
"743",0.81367552280426,0.823088467121124,"train",25,3,"sigmoid",0.3,256
"744",0.756385326385498,0.824649274349213,"test",25,3,"sigmoid",0.3,256
"745",0.410861074924469,0.926786601543427,"train",25,3,"relu",0.1,32
"746",0.578949213027954,0.885771572589874,"test",25,3,"relu",0.1,32
"747",0.40701100230217,0.923538208007812,"train",25,3,"relu",0.1,64
"748",0.545275330543518,0.878757536411285,"test",25,3,"relu",0.1,64
"749",0.360716313123703,0.914792597293854,"train",25,3,"relu",0.1,128
"750",0.472005158662796,0.870741486549377,"test",25,3,"relu",0.1,128
"751",0.425402611494064,0.886806607246399,"train",25,3,"relu",0.1,256
"752",0.508938848972321,0.862725436687469,"test",25,3,"relu",0.1,256
"753",0.460347861051559,0.915292382240295,"train",25,3,"relu",0.2,32
"754",0.574823439121246,0.876753509044647,"test",25,3,"relu",0.2,32
"755",0.417013585567474,0.905797123908997,"train",25,3,"relu",0.2,64
"756",0.557524561882019,0.874749481678009,"test",25,3,"relu",0.2,64
"757",0.358637988567352,0.894552707672119,"train",25,3,"relu",0.2,128
"758",0.505269765853882,0.854709446430206,"test",25,3,"relu",0.2,128
"759",0.399321585893631,0.881059467792511,"train",25,3,"relu",0.2,256
"760",0.467258661985397,0.857715427875519,"test",25,3,"relu",0.2,256
"761",0.446560919284821,0.892553746700287,"train",25,3,"relu",0.3,32
"762",0.637160956859589,0.854709446430206,"test",25,3,"relu",0.3,32
"763",0.3797807097435,0.896551728248596,"train",25,3,"relu",0.3,64
"764",0.524620890617371,0.849699378013611,"test",25,3,"relu",0.3,64
"765",0.434456437826157,0.88580709695816,"train",25,3,"relu",0.3,128
"766",0.525751233100891,0.86172342300415,"test",25,3,"relu",0.3,128
"767",0.464950650930405,0.870064973831177,"train",25,3,"relu",0.3,256
"768",0.513727903366089,0.853707432746887,"test",25,3,"relu",0.3,256
"769",0.358614772558212,0.930784583091736,"train",50,3,"sigmoid",0.1,32
"770",0.47062024474144,0.889779567718506,"test",50,3,"sigmoid",0.1,32
"771",0.284068435430527,0.927286386489868,"train",50,3,"sigmoid",0.1,64
"772",0.384110122919083,0.891783595085144,"test",50,3,"sigmoid",0.1,64
"773",0.359389275312424,0.8865567445755,"train",50,3,"sigmoid",0.1,128
"774",0.413892835378647,0.868737459182739,"test",50,3,"sigmoid",0.1,128
"775",0.453222632408142,0.86481761932373,"train",50,3,"sigmoid",0.1,256
"776",0.472684055566788,0.857715427875519,"test",50,3,"sigmoid",0.1,256
"777",0.333033800125122,0.917041480541229,"train",50,3,"sigmoid",0.2,32
"778",0.42533540725708,0.884769558906555,"test",50,3,"sigmoid",0.2,32
"779",0.328955441713333,0.897301375865936,"train",50,3,"sigmoid",0.2,64
"780",0.390159398317337,0.875751495361328,"test",50,3,"sigmoid",0.2,64
"781",0.405546844005585,0.877811074256897,"train",50,3,"sigmoid",0.2,128
"782",0.450654238462448,0.863727450370789,"test",50,3,"sigmoid",0.2,128
"783",0.519580364227295,0.859820067882538,"train",50,3,"sigmoid",0.2,256
"784",0.521153151988983,0.855711400508881,"test",50,3,"sigmoid",0.2,256
"785",0.335218340158463,0.911294341087341,"train",50,3,"sigmoid",0.3,32
"786",0.405624449253082,0.877755522727966,"test",50,3,"sigmoid",0.3,32
"787",0.348822057247162,0.889305353164673,"train",50,3,"sigmoid",0.3,64
"788",0.401072084903717,0.87374746799469,"test",50,3,"sigmoid",0.3,64
"789",0.438154458999634,0.869065463542938,"train",50,3,"sigmoid",0.3,128
"790",0.459627628326416,0.857715427875519,"test",50,3,"sigmoid",0.3,128
"791",0.571133494377136,0.851074457168579,"train",50,3,"sigmoid",0.3,256
"792",0.557061374187469,0.846693396568298,"test",50,3,"sigmoid",0.3,256
"793",0.774037063121796,0.916291832923889,"train",50,3,"relu",0.1,32
"794",0.821282923221588,0.887775540351868,"test",50,3,"relu",0.1,32
"795",0.433414906263351,0.933033466339111,"train",50,3,"relu",0.1,64
"796",0.529380679130554,0.901803612709045,"test",50,3,"relu",0.1,64
"797",0.50807911157608,0.922788619995117,"train",50,3,"relu",0.1,128
"798",0.588607549667358,0.886773526668549,"test",50,3,"relu",0.1,128
"799",0.346975982189178,0.927286386489868,"train",50,3,"relu",0.1,256
"800",0.425227344036102,0.890781581401825,"test",50,3,"relu",0.1,256
"801",0.564402163028717,0.926786601543427,"train",50,3,"relu",0.2,32
"802",0.699595034122467,0.884769558906555,"test",50,3,"relu",0.2,32
"803",0.458460777997971,0.929035484790802,"train",50,3,"relu",0.2,64
"804",0.586555004119873,0.891783595085144,"test",50,3,"relu",0.2,64
"805",0.356660723686218,0.930784583091736,"train",50,3,"relu",0.2,128
"806",0.458614975214005,0.893787562847137,"test",50,3,"relu",0.2,128
"807",0.37068784236908,0.914542734622955,"train",50,3,"relu",0.2,256
"808",0.447221487760544,0.883767545223236,"test",50,3,"relu",0.2,256
"809",0.53745836019516,0.925037503242493,"train",50,3,"relu",0.3,32
"810",0.720971822738647,0.884769558906555,"test",50,3,"relu",0.3,32
"811",0.432664781808853,0.925787091255188,"train",50,3,"relu",0.3,64
"812",0.564429700374603,0.896793603897095,"test",50,3,"relu",0.3,64
"813",0.374581694602966,0.919290363788605,"train",50,3,"relu",0.3,128
"814",0.465062081813812,0.885771572589874,"test",50,3,"relu",0.3,128
"815",0.361971020698547,0.907796084880829,"train",50,3,"relu",0.3,256
"816",0.426972806453705,0.876753509044647,"test",50,3,"relu",0.3,256
"817",0.508708477020264,0.927036464214325,"train",100,3,"sigmoid",0.1,32
"818",0.587268114089966,0.895791590213776,"test",100,3,"sigmoid",0.1,32
"819",0.346557080745697,0.932533740997314,"train",100,3,"sigmoid",0.1,64
"820",0.427745342254639,0.895791590213776,"test",100,3,"sigmoid",0.1,64
"821",0.319960683584213,0.921039462089539,"train",100,3,"sigmoid",0.1,128
"822",0.388966858386993,0.885771572589874,"test",100,3,"sigmoid",0.1,128
"823",0.331509381532669,0.894302845001221,"train",100,3,"sigmoid",0.1,256
"824",0.377649128437042,0.876753509044647,"test",100,3,"sigmoid",0.1,256
"825",0.441449105739594,0.929785132408142,"train",100,3,"sigmoid",0.2,32
"826",0.535173416137695,0.891783595085144,"test",100,3,"sigmoid",0.2,32
"827",0.298656225204468,0.933033466339111,"train",100,3,"sigmoid",0.2,64
"828",0.367815315723419,0.895791590213776,"test",100,3,"sigmoid",0.2,64
"829",0.335905730724335,0.909795105457306,"train",100,3,"sigmoid",0.2,128
"830",0.399410754442215,0.884769558906555,"test",100,3,"sigmoid",0.2,128
"831",0.387106627225876,0.874312818050385,"train",100,3,"sigmoid",0.2,256
"832",0.419162958860397,0.864729464054108,"test",100,3,"sigmoid",0.2,256
"833",0.465476125478745,0.923038482666016,"train",100,3,"sigmoid",0.3,32
"834",0.560658931732178,0.887775540351868,"test",100,3,"sigmoid",0.3,32
"835",0.313676059246063,0.928535759449005,"train",100,3,"sigmoid",0.3,64
"836",0.377146065235138,0.895791590213776,"test",100,3,"sigmoid",0.3,64
"837",0.339323490858078,0.89905047416687,"train",100,3,"sigmoid",0.3,128
"838",0.390454798936844,0.87975949048996,"test",100,3,"sigmoid",0.3,128
"839",0.455451369285583,0.866316854953766,"train",100,3,"sigmoid",0.3,256
"840",0.476730227470398,0.860721468925476,"test",100,3,"sigmoid",0.3,256
"841",0.635201871395111,0.930784583091736,"train",100,3,"relu",0.1,32
"842",0.743390440940857,0.894789576530457,"test",100,3,"relu",0.1,32
"843",0.503876626491547,0.933783113956451,"train",100,3,"relu",0.1,64
"844",0.584116458892822,0.906813621520996,"test",100,3,"relu",0.1,64
"845",0.601041316986084,0.924787580966949,"train",100,3,"relu",0.1,128
"846",0.654338896274567,0.896793603897095,"test",100,3,"relu",0.1,128
"847",0.391076058149338,0.932033956050873,"train",100,3,"relu",0.1,256
"848",0.439253568649292,0.905811607837677,"test",100,3,"relu",0.1,256
"849",0.50397801399231,0.933533251285553,"train",100,3,"relu",0.2,32
"850",0.585285305976868,0.910821616649628,"test",100,3,"relu",0.2,32
"851",0.679727911949158,0.918290853500366,"train",100,3,"relu",0.2,64
"852",0.710386216640472,0.894789576530457,"test",100,3,"relu",0.2,64
"853",0.473847806453705,0.927286386489868,"train",100,3,"relu",0.2,128
"854",0.514344930648804,0.902805626392365,"test",100,3,"relu",0.2,128
"855",0.409366756677628,0.92628687620163,"train",100,3,"relu",0.2,256
"856",0.48065847158432,0.890781581401825,"test",100,3,"relu",0.2,256
"857",0.517131268978119,0.937531232833862,"train",100,3,"relu",0.3,32
"858",0.707119882106781,0.913827657699585,"test",100,3,"relu",0.3,32
"859",0.466775178909302,0.930784583091736,"train",100,3,"relu",0.3,64
"860",0.514003753662109,0.907815635204315,"test",100,3,"relu",0.3,64
"861",0.440553814172745,0.922538757324219,"train",100,3,"relu",0.3,128
"862",0.485211223363876,0.893787562847137,"test",100,3,"relu",0.3,128
"863",0.359844923019409,0.928035974502563,"train",100,3,"relu",0.3,256
"864",0.404745429754257,0.898797571659088,"test",100,3,"relu",0.3,256
"865",0.506322920322418,0.934282839298248,"train",200,3,"sigmoid",0.1,32
"866",0.592491447925568,0.901803612709045,"test",200,3,"sigmoid",0.1,32
"867",0.429839849472046,0.929035484790802,"train",200,3,"sigmoid",0.1,64
"868",0.517675757408142,0.891783595085144,"test",200,3,"sigmoid",0.1,64
"869",0.292699873447418,0.930534720420837,"train",200,3,"sigmoid",0.1,128
"870",0.387450605630875,0.895791590213776,"test",200,3,"sigmoid",0.1,128
"871",0.326465427875519,0.916041970252991,"train",200,3,"sigmoid",0.1,256
"872",0.395835787057877,0.880761504173279,"test",200,3,"sigmoid",0.1,256
"873",0.497290253639221,0.935532212257385,"train",200,3,"sigmoid",0.2,32
"874",0.579135775566101,0.910821616649628,"test",200,3,"sigmoid",0.2,32
"875",0.375705897808075,0.933033466339111,"train",200,3,"sigmoid",0.2,64
"876",0.455283552408218,0.902805626392365,"test",200,3,"sigmoid",0.2,64
"877",0.302202969789505,0.928285837173462,"train",200,3,"sigmoid",0.2,128
"878",0.37527397274971,0.897795617580414,"test",200,3,"sigmoid",0.2,128
"879",0.343091428279877,0.907796084880829,"train",200,3,"sigmoid",0.2,256
"880",0.398791342973709,0.877755522727966,"test",200,3,"sigmoid",0.2,256
"881",0.407203912734985,0.935282349586487,"train",200,3,"sigmoid",0.3,32
"882",0.478237152099609,0.914829671382904,"test",200,3,"sigmoid",0.3,32
"883",0.354403674602509,0.932033956050873,"train",200,3,"sigmoid",0.3,64
"884",0.423105508089066,0.905811607837677,"test",200,3,"sigmoid",0.3,64
"885",0.33389949798584,0.923038482666016,"train",200,3,"sigmoid",0.3,128
"886",0.403387755155563,0.888777554035187,"test",200,3,"sigmoid",0.3,128
"887",0.354199051856995,0.890055000782013,"train",200,3,"sigmoid",0.3,256
"888",0.399184435606003,0.87374746799469,"test",200,3,"sigmoid",0.3,256
"889",0.619456827640533,0.937281370162964,"train",200,3,"relu",0.1,32
"890",0.64432418346405,0.920841693878174,"test",200,3,"relu",0.1,32
"891",0.479927808046341,0.928785622119904,"train",200,3,"relu",0.1,64
"892",0.545374035835266,0.901803612709045,"test",200,3,"relu",0.1,64
"893",0.542218327522278,0.932533740997314,"train",200,3,"relu",0.1,128
"894",0.524996340274811,0.904809594154358,"test",200,3,"relu",0.1,128
"895",0.555414915084839,0.927036464214325,"train",200,3,"relu",0.1,256
"896",0.566345453262329,0.898797571659088,"test",200,3,"relu",0.1,256
"897",0.67660927772522,0.927536249160767,"train",200,3,"relu",0.2,32
"898",0.706900417804718,0.904809594154358,"test",200,3,"relu",0.2,32
"899",0.623984217643738,0.927786111831665,"train",200,3,"relu",0.2,64
"900",0.610606849193573,0.910821616649628,"test",200,3,"relu",0.2,64
"901",0.521985948085785,0.927786111831665,"train",200,3,"relu",0.2,128
"902",0.575107932090759,0.909819662570953,"test",200,3,"relu",0.2,128
"903",0.547763466835022,0.926036953926086,"train",200,3,"relu",0.2,256
"904",0.552178204059601,0.899799585342407,"test",200,3,"relu",0.2,256
"905",0.736869513988495,0.932283878326416,"train",200,3,"relu",0.3,32
"906",0.81789231300354,0.903807640075684,"test",200,3,"relu",0.3,32
"907",0.583188831806183,0.927036464214325,"train",200,3,"relu",0.3,64
"908",0.625913381576538,0.898797571659088,"test",200,3,"relu",0.3,64
"909",0.447404235601425,0.935032486915588,"train",200,3,"relu",0.3,128
"910",0.489621162414551,0.913827657699585,"test",200,3,"relu",0.3,128
"911",0.432836085557938,0.926036953926086,"train",200,3,"relu",0.3,256
"912",0.497947245836258,0.900801599025726,"test",200,3,"relu",0.3,256
"913",0.566406071186066,0.931034505367279,"train",300,3,"sigmoid",0.1,32
"914",0.623431026935577,0.905811607837677,"test",300,3,"sigmoid",0.1,32
"915",0.452070116996765,0.933033466339111,"train",300,3,"sigmoid",0.1,64
"916",0.530686676502228,0.896793603897095,"test",300,3,"sigmoid",0.1,64
"917",0.382423043251038,0.930034995079041,"train",300,3,"sigmoid",0.1,128
"918",0.458842694759369,0.899799585342407,"test",300,3,"sigmoid",0.1,128
"919",0.330645233392715,0.918290853500366,"train",300,3,"sigmoid",0.1,256
"920",0.410137802362442,0.881763517856598,"test",300,3,"sigmoid",0.1,256
"921",0.518896162509918,0.935032486915588,"train",300,3,"sigmoid",0.2,32
"922",0.58581280708313,0.911823630332947,"test",300,3,"sigmoid",0.2,32
"923",0.435849487781525,0.930784583091736,"train",300,3,"sigmoid",0.2,64
"924",0.51288515329361,0.900801599025726,"test",300,3,"sigmoid",0.2,64
"925",0.316299557685852,0.933033466339111,"train",300,3,"sigmoid",0.2,128
"926",0.403177678585052,0.904809594154358,"test",300,3,"sigmoid",0.2,128
"927",0.355246692895889,0.908295869827271,"train",300,3,"sigmoid",0.2,256
"928",0.425265848636627,0.881763517856598,"test",300,3,"sigmoid",0.2,256
"929",0.489855855703354,0.931784093379974,"train",300,3,"sigmoid",0.3,32
"930",0.553655087947845,0.912825644016266,"test",300,3,"sigmoid",0.3,32
"931",0.346238851547241,0.937781095504761,"train",300,3,"sigmoid",0.3,64
"932",0.431480914354324,0.903807640075684,"test",300,3,"sigmoid",0.3,64
"933",0.322850912809372,0.930284857749939,"train",300,3,"sigmoid",0.3,128
"934",0.397598654031754,0.895791590213776,"test",300,3,"sigmoid",0.3,128
"935",0.353270947933197,0.905797123908997,"train",300,3,"sigmoid",0.3,256
"936",0.409792929887772,0.87975949048996,"test",300,3,"sigmoid",0.3,256
"937",0.736125886440277,0.939280331134796,"train",300,3,"relu",0.1,32
"938",0.810311853885651,0.915831685066223,"test",300,3,"relu",0.1,32
"939",0.748322725296021,0.928035974502563,"train",300,3,"relu",0.1,64
"940",0.706143498420715,0.908817648887634,"test",300,3,"relu",0.1,64
"941",0.533797562122345,0.932783603668213,"train",300,3,"relu",0.1,128
"942",0.551983237266541,0.909819662570953,"test",300,3,"relu",0.1,128
"943",0.511472821235657,0.929785132408142,"train",300,3,"relu",0.1,256
"944",0.527959823608398,0.910821616649628,"test",300,3,"relu",0.1,256
"945",1.05206608772278,0.920289874076843,"train",300,3,"relu",0.2,32
"946",1.01596784591675,0.911823630332947,"test",300,3,"relu",0.2,32
"947",0.72357302904129,0.919040501117706,"train",300,3,"relu",0.2,64
"948",0.818081319332123,0.889779567718506,"test",300,3,"relu",0.2,64
"949",0.522642433643341,0.936281859874725,"train",300,3,"relu",0.2,128
"950",0.54355400800705,0.912825644016266,"test",300,3,"relu",0.2,128
"951",0.50326019525528,0.92628687620163,"train",300,3,"relu",0.2,256
"952",0.508669018745422,0.908817648887634,"test",300,3,"relu",0.2,256
"953",0.530789256095886,0.94252872467041,"train",300,3,"relu",0.3,32
"954",0.581331968307495,0.928857743740082,"test",300,3,"relu",0.3,32
"955",0.620816767215729,0.931534230709076,"train",300,3,"relu",0.3,64
"956",0.642648756504059,0.918837666511536,"test",300,3,"relu",0.3,64
"957",0.49690580368042,0.932283878326416,"train",300,3,"relu",0.3,128
"958",0.568798720836639,0.905811607837677,"test",300,3,"relu",0.3,128
"959",0.461790382862091,0.930534720420837,"train",300,3,"relu",0.3,256
"960",0.480771541595459,0.910821616649628,"test",300,3,"relu",0.3,256
"961",0.612117528915405,0.932283878326416,"train",400,3,"sigmoid",0.1,32
"962",0.693666934967041,0.902805626392365,"test",400,3,"sigmoid",0.1,32
"963",0.614458739757538,0.922788619995117,"train",400,3,"sigmoid",0.1,64
"964",0.69506710767746,0.891783595085144,"test",400,3,"sigmoid",0.1,64
"965",0.414048165082932,0.9292853474617,"train",400,3,"sigmoid",0.1,128
"966",0.500358700752258,0.894789576530457,"test",400,3,"sigmoid",0.1,128
"967",0.309859842061996,0.92628687620163,"train",400,3,"sigmoid",0.1,256
"968",0.398150354623795,0.884769558906555,"test",400,3,"sigmoid",0.1,256
"969",0.625997960567474,0.929035484790802,"train",400,3,"sigmoid",0.2,32
"970",0.72853147983551,0.898797571659088,"test",400,3,"sigmoid",0.2,32
"971",0.467723965644836,0.932533740997314,"train",400,3,"sigmoid",0.2,64
"972",0.579492211341858,0.904809594154358,"test",400,3,"sigmoid",0.2,64
"973",0.363448202610016,0.930784583091736,"train",400,3,"sigmoid",0.2,128
"974",0.451781928539276,0.901803612709045,"test",400,3,"sigmoid",0.2,128
"975",0.359018415212631,0.91154420375824,"train",400,3,"sigmoid",0.2,256
"976",0.42619314789772,0.885771572589874,"test",400,3,"sigmoid",0.2,256
"977",0.463689506053925,0.939030468463898,"train",400,3,"sigmoid",0.3,32
"978",0.535650491714478,0.911823630332947,"test",400,3,"sigmoid",0.3,32
"979",0.448684096336365,0.930034995079041,"train",400,3,"sigmoid",0.3,64
"980",0.523990392684937,0.901803612709045,"test",400,3,"sigmoid",0.3,64
"981",0.353558748960495,0.927286386489868,"train",400,3,"sigmoid",0.3,128
"982",0.429106026887894,0.893787562847137,"test",400,3,"sigmoid",0.3,128
"983",0.337051779031754,0.914792597293854,"train",400,3,"sigmoid",0.3,256
"984",0.397208690643311,0.883767545223236,"test",400,3,"sigmoid",0.3,256
"985",0.742005109786987,0.926036953926086,"train",400,3,"relu",0.1,32
"986",0.729540765285492,0.908817648887634,"test",400,3,"relu",0.1,32
"987",0.685547947883606,0.926786601543427,"train",400,3,"relu",0.1,64
"988",0.662203669548035,0.913827657699585,"test",400,3,"relu",0.1,64
"989",0.45947191119194,0.932033956050873,"train",400,3,"relu",0.1,128
"990",0.482455879449844,0.920841693878174,"test",400,3,"relu",0.1,128
"991",0.524762809276581,0.930784583091736,"train",400,3,"relu",0.1,256
"992",0.545836448669434,0.907815635204315,"test",400,3,"relu",0.1,256
"993",0.848914802074432,0.923288345336914,"train",400,3,"relu",0.2,32
"994",0.932737767696381,0.899799585342407,"test",400,3,"relu",0.2,32
"995",0.868026733398438,0.911794126033783,"train",400,3,"relu",0.2,64
"996",0.906278789043427,0.894789576530457,"test",400,3,"relu",0.2,64
"997",0.60454535484314,0.9292853474617,"train",400,3,"relu",0.2,128
"998",0.62700355052948,0.905811607837677,"test",400,3,"relu",0.2,128
"999",0.462561249732971,0.932283878326416,"train",400,3,"relu",0.2,256
"1000",0.485237926244736,0.910821616649628,"test",400,3,"relu",0.2,256
"1001",0.766749620437622,0.931284368038177,"train",400,3,"relu",0.3,32
"1002",0.731394112110138,0.912825644016266,"test",400,3,"relu",0.3,32
"1003",0.631409645080566,0.927786111831665,"train",400,3,"relu",0.3,64
"1004",0.645642161369324,0.907815635204315,"test",400,3,"relu",0.3,64
"1005",0.690056502819061,0.923788130283356,"train",400,3,"relu",0.3,128
"1006",0.674053549766541,0.904809594154358,"test",400,3,"relu",0.3,128
"1007",0.491329997777939,0.925287365913391,"train",400,3,"relu",0.3,256
"1008",0.479428261518478,0.908817648887634,"test",400,3,"relu",0.3,256
"1009",0.777814507484436,0.827836096286774,"train",10,4,"sigmoid",0.1,32
"1010",0.849425673484802,0.790581166744232,"test",10,4,"sigmoid",0.1,32
"1011",0.749090194702148,0.835832059383392,"train",10,4,"sigmoid",0.1,64
"1012",0.757233500480652,0.814629256725311,"test",10,4,"sigmoid",0.1,64
"1013",1.06673431396484,0.78885555267334,"train",10,4,"sigmoid",0.1,128
"1014",1.08733034133911,0.761523067951202,"test",10,4,"sigmoid",0.1,128
"1015",1.50970327854156,0.658670663833618,"train",10,4,"sigmoid",0.1,256
"1016",1.48007166385651,0.639278531074524,"test",10,4,"sigmoid",0.1,256
"1017",1.07468092441559,0.69415295124054,"train",10,4,"sigmoid",0.2,32
"1018",1.11102426052094,0.673346698284149,"test",10,4,"sigmoid",0.2,32
"1019",1.30742204189301,0.60944527387619,"train",10,4,"sigmoid",0.2,64
"1020",1.3293434381485,0.591182351112366,"test",10,4,"sigmoid",0.2,64
"1021",1.16828370094299,0.757871091365814,"train",10,4,"sigmoid",0.2,128
"1022",1.16750180721283,0.744488954544067,"test",10,4,"sigmoid",0.2,128
"1023",1.58815515041351,0.553973019123077,"train",10,4,"sigmoid",0.2,256
"1024",1.57543015480042,0.545090198516846,"test",10,4,"sigmoid",0.2,256
"1025",1.37051296234131,0.643178403377533,"train",10,4,"sigmoid",0.3,32
"1026",1.36489260196686,0.623246490955353,"test",10,4,"sigmoid",0.3,32
"1027",1.46073865890503,0.490754634141922,"train",10,4,"sigmoid",0.3,64
"1028",1.43716108798981,0.473947882652283,"test",10,4,"sigmoid",0.3,64
"1029",1.59255588054657,0.585207402706146,"train",10,4,"sigmoid",0.3,128
"1030",1.55854034423828,0.605210423469543,"test",10,4,"sigmoid",0.3,128
"1031",1.82920575141907,0.428285866975784,"train",10,4,"sigmoid",0.3,256
"1032",1.77639853954315,0.446893781423569,"test",10,4,"sigmoid",0.3,256
"1033",0.542232573032379,0.874062955379486,"train",10,4,"relu",0.1,32
"1034",0.66967785358429,0.839679360389709,"test",10,4,"relu",0.1,32
"1035",0.497257828712463,0.866316854953766,"train",10,4,"relu",0.1,64
"1036",0.674385607242584,0.822645306587219,"test",10,4,"relu",0.1,64
"1037",0.624692499637604,0.85482257604599,"train",10,4,"relu",0.1,128
"1038",0.721568703651428,0.818637251853943,"test",10,4,"relu",0.1,128
"1039",0.761546671390533,0.832333862781525,"train",10,4,"relu",0.1,256
"1040",0.77314168214798,0.820641279220581,"test",10,4,"relu",0.1,256
"1041",0.740124046802521,0.774612665176392,"train",10,4,"relu",0.2,32
"1042",1.0040328502655,0.747494995594025,"test",10,4,"relu",0.2,32
"1043",0.640766263008118,0.847326338291168,"train",10,4,"relu",0.2,64
"1044",0.813516676425934,0.790581166744232,"test",10,4,"relu",0.2,64
"1045",0.765232682228088,0.822338819503784,"train",10,4,"relu",0.2,128
"1046",0.784533798694611,0.80460923910141,"test",10,4,"relu",0.2,128
"1047",0.901481568813324,0.805597186088562,"train",10,4,"relu",0.2,256
"1048",0.915354490280151,0.79258519411087,"test",10,4,"relu",0.2,256
"1049",0.838613271713257,0.834082961082458,"train",10,4,"relu",0.3,32
"1050",1.15474557876587,0.785571157932281,"test",10,4,"relu",0.3,32
"1051",1.14763402938843,0.751874089241028,"train",10,4,"relu",0.3,64
"1052",1.25423073768616,0.734468936920166,"test",10,4,"relu",0.3,64
"1053",1.0342606306076,0.739630162715912,"train",10,4,"relu",0.3,128
"1054",1.11399054527283,0.699398815631866,"test",10,4,"relu",0.3,128
"1055",1.14965379238129,0.741129457950592,"train",10,4,"relu",0.3,256
"1056",1.0989453792572,0.736472964286804,"test",10,4,"relu",0.3,256
"1057",0.437643617391586,0.881309330463409,"train",25,4,"sigmoid",0.1,32
"1058",0.525766849517822,0.853707432746887,"test",25,4,"sigmoid",0.1,32
"1059",0.432921350002289,0.879060447216034,"train",25,4,"sigmoid",0.1,64
"1060",0.518378436565399,0.849699378013611,"test",25,4,"sigmoid",0.1,64
"1061",0.585835456848145,0.862068951129913,"train",25,4,"sigmoid",0.1,128
"1062",0.617532789707184,0.845691382884979,"test",25,4,"sigmoid",0.1,128
"1063",0.700357913970947,0.836831569671631,"train",25,4,"sigmoid",0.1,256
"1064",0.674311399459839,0.83366733789444,"test",25,4,"sigmoid",0.1,256
"1065",0.506127893924713,0.869565188884735,"train",25,4,"sigmoid",0.2,32
"1066",0.609299123287201,0.842685341835022,"test",25,4,"sigmoid",0.2,32
"1067",0.56191086769104,0.862318813800812,"train",25,4,"sigmoid",0.2,64
"1068",0.617761611938477,0.847695410251617,"test",25,4,"sigmoid",0.2,64
"1069",0.632668554782867,0.848575711250305,"train",25,4,"sigmoid",0.2,128
"1070",0.654366672039032,0.839679360389709,"test",25,4,"sigmoid",0.2,128
"1071",0.869881093502045,0.816591680049896,"train",25,4,"sigmoid",0.2,256
"1072",0.849487006664276,0.806613206863403,"test",25,4,"sigmoid",0.2,256
"1073",0.596776783466339,0.858820617198944,"train",25,4,"sigmoid",0.3,32
"1074",0.663751840591431,0.83867734670639,"test",25,4,"sigmoid",0.3,32
"1075",0.658502340316772,0.843078434467316,"train",25,4,"sigmoid",0.3,64
"1076",0.683983206748962,0.83366733789444,"test",25,4,"sigmoid",0.3,64
"1077",0.807133138179779,0.825087428092957,"train",25,4,"sigmoid",0.3,128
"1078",0.825862288475037,0.811623275279999,"test",25,4,"sigmoid",0.3,128
"1079",1.03485763072968,0.757371306419373,"train",25,4,"sigmoid",0.3,256
"1080",1.01085937023163,0.736472964286804,"test",25,4,"sigmoid",0.3,256
"1081",0.444227069616318,0.932783603668213,"train",25,4,"relu",0.1,32
"1082",0.670180022716522,0.881763517856598,"test",25,4,"relu",0.1,32
"1083",0.415342599153519,0.931534230709076,"train",25,4,"relu",0.1,64
"1084",0.569690823554993,0.891783595085144,"test",25,4,"relu",0.1,64
"1085",0.360040009021759,0.925787091255188,"train",25,4,"relu",0.1,128
"1086",0.483793526887894,0.884769558906555,"test",25,4,"relu",0.1,128
"1087",0.365350157022476,0.902049005031586,"train",25,4,"relu",0.1,256
"1088",0.437474846839905,0.874749481678009,"test",25,4,"relu",0.1,256
"1089",0.524283766746521,0.90679657459259,"train",25,4,"relu",0.2,32
"1090",0.744817078113556,0.863727450370789,"test",25,4,"relu",0.2,32
"1091",0.405763894319534,0.899300336837769,"train",25,4,"relu",0.2,64
"1092",0.579466938972473,0.853707432746887,"test",25,4,"relu",0.2,64
"1093",0.403555989265442,0.888055980205536,"train",25,4,"relu",0.2,128
"1094",0.505169212818146,0.860721468925476,"test",25,4,"relu",0.2,128
"1095",0.495675086975098,0.877061486244202,"train",25,4,"relu",0.2,256
"1096",0.580106794834137,0.8567134141922,"test",25,4,"relu",0.2,256
"1097",0.540447115898132,0.886306822299957,"train",25,4,"relu",0.3,32
"1098",0.718246757984161,0.853707432746887,"test",25,4,"relu",0.3,32
"1099",0.488314807415009,0.886306822299957,"train",25,4,"relu",0.3,64
"1100",0.593346536159515,0.862725436687469,"test",25,4,"relu",0.3,64
"1101",0.525775372982025,0.883558213710785,"train",25,4,"relu",0.3,128
"1102",0.633416831493378,0.84468936920166,"test",25,4,"relu",0.3,128
"1103",0.548039555549622,0.870814621448517,"train",25,4,"relu",0.3,256
"1104",0.627856194972992,0.851703405380249,"test",25,4,"relu",0.3,256
"1105",0.304033279418945,0.927036464214325,"train",50,4,"sigmoid",0.1,32
"1106",0.44318476319313,0.890781581401825,"test",50,4,"sigmoid",0.1,32
"1107",0.335275441408157,0.923538208007812,"train",50,4,"sigmoid",0.1,64
"1108",0.460806787014008,0.883767545223236,"test",50,4,"sigmoid",0.1,64
"1109",0.378740042448044,0.881809115409851,"train",50,4,"sigmoid",0.1,128
"1110",0.441700488328934,0.857715427875519,"test",50,4,"sigmoid",0.1,128
"1111",0.539305984973907,0.861819088459015,"train",50,4,"sigmoid",0.1,256
"1112",0.565679430961609,0.85070139169693,"test",50,4,"sigmoid",0.1,256
"1113",0.379614621400833,0.913793087005615,"train",50,4,"sigmoid",0.2,32
"1114",0.480109959840775,0.878757536411285,"test",50,4,"sigmoid",0.2,32
"1115",0.33148929476738,0.896301865577698,"train",50,4,"sigmoid",0.2,64
"1116",0.403132140636444,0.869739472866058,"test",50,4,"sigmoid",0.2,64
"1117",0.408273577690125,0.8773113489151,"train",50,4,"sigmoid",0.2,128
"1118",0.466457009315491,0.860721468925476,"test",50,4,"sigmoid",0.2,128
"1119",0.557540118694305,0.85557222366333,"train",50,4,"sigmoid",0.2,256
"1120",0.585702776908875,0.840681374073029,"test",50,4,"sigmoid",0.2,256
"1121",0.417291581630707,0.885307371616364,"train",50,4,"sigmoid",0.3,32
"1122",0.524684429168701,0.859719455242157,"test",50,4,"sigmoid",0.3,32
"1123",0.420190513134003,0.878560721874237,"train",50,4,"sigmoid",0.3,64
"1124",0.489747017621994,0.860721468925476,"test",50,4,"sigmoid",0.3,64
"1125",0.496552973985672,0.866316854953766,"train",50,4,"sigmoid",0.3,128
"1126",0.538763523101807,0.847695410251617,"test",50,4,"sigmoid",0.3,128
"1127",0.662710845470428,0.837081432342529,"train",50,4,"sigmoid",0.3,256
"1128",0.653050899505615,0.830661296844482,"test",50,4,"sigmoid",0.3,256
"1129",0.36521789431572,0.944777607917786,"train",50,4,"relu",0.1,32
"1130",0.508473098278046,0.904809594154358,"test",50,4,"relu",0.1,32
"1131",0.453695356845856,0.928785622119904,"train",50,4,"relu",0.1,64
"1132",0.561282694339752,0.895791590213776,"test",50,4,"relu",0.1,64
"1133",0.411101907491684,0.934532761573792,"train",50,4,"relu",0.1,128
"1134",0.545107066631317,0.892785549163818,"test",50,4,"relu",0.1,128
"1135",0.3908831179142,0.926036953926086,"train",50,4,"relu",0.1,256
"1136",0.479610174894333,0.892785549163818,"test",50,4,"relu",0.1,256
"1137",0.49178159236908,0.932283878326416,"train",50,4,"relu",0.2,32
"1138",0.595729291439056,0.899799585342407,"test",50,4,"relu",0.2,32
"1139",0.337098300457001,0.941529214382172,"train",50,4,"relu",0.2,64
"1140",0.557287573814392,0.896793603897095,"test",50,4,"relu",0.2,64
"1141",0.374685227870941,0.925287365913391,"train",50,4,"relu",0.2,128
"1142",0.470898538827896,0.878757536411285,"test",50,4,"relu",0.2,128
"1143",0.344980776309967,0.919040501117706,"train",50,4,"relu",0.2,256
"1144",0.441462427377701,0.87975949048996,"test",50,4,"relu",0.2,256
"1145",0.490436792373657,0.924787580966949,"train",50,4,"relu",0.3,32
"1146",0.700609028339386,0.885771572589874,"test",50,4,"relu",0.3,32
"1147",0.402493089437485,0.922288835048676,"train",50,4,"relu",0.3,64
"1148",0.500018954277039,0.897795617580414,"test",50,4,"relu",0.3,64
"1149",0.394394308328629,0.913293361663818,"train",50,4,"relu",0.3,128
"1150",0.537960410118103,0.877755522727966,"test",50,4,"relu",0.3,128
"1151",0.388310462236404,0.895052492618561,"train",50,4,"relu",0.3,256
"1152",0.523882448673248,0.86172342300415,"test",50,4,"relu",0.3,256
"1153",0.327356368303299,0.940029978752136,"train",100,4,"sigmoid",0.1,32
"1154",0.464915364980698,0.904809594154358,"test",100,4,"sigmoid",0.1,32
"1155",0.358660459518433,0.933783113956451,"train",100,4,"sigmoid",0.1,64
"1156",0.462182641029358,0.902805626392365,"test",100,4,"sigmoid",0.1,64
"1157",0.293622523546219,0.924787580966949,"train",100,4,"sigmoid",0.1,128
"1158",0.39123198390007,0.891783595085144,"test",100,4,"sigmoid",0.1,128
"1159",0.386452913284302,0.879310369491577,"train",100,4,"sigmoid",0.1,256
"1160",0.437538355588913,0.858717441558838,"test",100,4,"sigmoid",0.1,256
"1161",0.351630657911301,0.938280880451202,"train",100,4,"sigmoid",0.2,32
"1162",0.434442013502121,0.907815635204315,"test",100,4,"sigmoid",0.2,32
"1163",0.323664247989655,0.927536249160767,"train",100,4,"sigmoid",0.2,64
"1164",0.407804489135742,0.897795617580414,"test",100,4,"sigmoid",0.2,64
"1165",0.309480965137482,0.913543224334717,"train",100,4,"sigmoid",0.2,128
"1166",0.397961318492889,0.882765531539917,"test",100,4,"sigmoid",0.2,128
"1167",0.377650052309036,0.883308351039886,"train",100,4,"sigmoid",0.2,256
"1168",0.432697892189026,0.858717441558838,"test",100,4,"sigmoid",0.2,256
"1169",0.351337164640427,0.926036953926086,"train",100,4,"sigmoid",0.3,32
"1170",0.451332241296768,0.894789576530457,"test",100,4,"sigmoid",0.3,32
"1171",0.308942973613739,0.922038972377777,"train",100,4,"sigmoid",0.3,64
"1172",0.413456559181213,0.891783595085144,"test",100,4,"sigmoid",0.3,64
"1173",0.351039916276932,0.896551728248596,"train",100,4,"sigmoid",0.3,128
"1174",0.427581459283829,0.871743500232697,"test",100,4,"sigmoid",0.3,128
"1175",0.446287274360657,0.867316365242004,"train",100,4,"sigmoid",0.3,256
"1176",0.476836383342743,0.855711400508881,"test",100,4,"sigmoid",0.3,256
"1177",0.568057060241699,0.929035484790802,"train",100,4,"relu",0.1,32
"1178",0.599881410598755,0.900801599025726,"test",100,4,"relu",0.1,32
"1179",0.658535242080688,0.925037503242493,"train",100,4,"relu",0.1,64
"1180",0.774801909923553,0.888777554035187,"test",100,4,"relu",0.1,64
"1181",0.438137918710709,0.933033466339111,"train",100,4,"relu",0.1,128
"1182",0.515645802021027,0.915831685066223,"test",100,4,"relu",0.1,128
"1183",0.449593901634216,0.937281370162964,"train",100,4,"relu",0.1,256
"1184",0.493926376104355,0.906813621520996,"test",100,4,"relu",0.1,256
"1185",0.593467593193054,0.934532761573792,"train",100,4,"relu",0.2,32
"1186",0.638130486011505,0.906813621520996,"test",100,4,"relu",0.2,32
"1187",0.522798538208008,0.936531722545624,"train",100,4,"relu",0.2,64
"1188",0.614469349384308,0.914829671382904,"test",100,4,"relu",0.2,64
"1189",0.448315232992172,0.932783603668213,"train",100,4,"relu",0.2,128
"1190",0.561757504940033,0.902805626392365,"test",100,4,"relu",0.2,128
"1191",0.320424765348434,0.941029489040375,"train",100,4,"relu",0.2,256
"1192",0.402717024087906,0.914829671382904,"test",100,4,"relu",0.2,256
"1193",0.372375786304474,0.94252872467041,"train",100,4,"relu",0.3,32
"1194",0.492827624082565,0.921843707561493,"test",100,4,"relu",0.3,32
"1195",0.611173152923584,0.92628687620163,"train",100,4,"relu",0.3,64
"1196",0.686237573623657,0.900801599025726,"test",100,4,"relu",0.3,64
"1197",0.46993961930275,0.931034505367279,"train",100,4,"relu",0.3,128
"1198",0.494418501853943,0.905811607837677,"test",100,4,"relu",0.3,128
"1199",0.365834534168243,0.931034505367279,"train",100,4,"relu",0.3,256
"1200",0.450028151273727,0.899799585342407,"test",100,4,"relu",0.3,256
"1201",0.433044463396072,0.941279351711273,"train",200,4,"sigmoid",0.1,32
"1202",0.514797329902649,0.905811607837677,"test",200,4,"sigmoid",0.1,32
"1203",0.412160903215408,0.93403297662735,"train",200,4,"sigmoid",0.1,64
"1204",0.55622273683548,0.897795617580414,"test",200,4,"sigmoid",0.1,64
"1205",0.330481231212616,0.935782134532928,"train",200,4,"sigmoid",0.1,128
"1206",0.430729061365128,0.902805626392365,"test",200,4,"sigmoid",0.1,128
"1207",0.348464399576187,0.915042459964752,"train",200,4,"sigmoid",0.1,256
"1208",0.436378240585327,0.882765531539917,"test",200,4,"sigmoid",0.1,256
"1209",0.493017017841339,0.938280880451202,"train",200,4,"sigmoid",0.2,32
"1210",0.566993713378906,0.909819662570953,"test",200,4,"sigmoid",0.2,32
"1211",0.422070771455765,0.931034505367279,"train",200,4,"sigmoid",0.2,64
"1212",0.513402700424194,0.899799585342407,"test",200,4,"sigmoid",0.2,64
"1213",0.363661348819733,0.924287855625153,"train",200,4,"sigmoid",0.2,128
"1214",0.449129611253738,0.888777554035187,"test",200,4,"sigmoid",0.2,128
"1215",0.320903807878494,0.905047476291656,"train",200,4,"sigmoid",0.2,256
"1216",0.382337480783463,0.876753509044647,"test",200,4,"sigmoid",0.2,256
"1217",0.393017888069153,0.938530743122101,"train",200,4,"sigmoid",0.3,32
"1218",0.495761662721634,0.911823630332947,"test",200,4,"sigmoid",0.3,32
"1219",0.416087627410889,0.932783603668213,"train",200,4,"sigmoid",0.3,64
"1220",0.494766533374786,0.897795617580414,"test",200,4,"sigmoid",0.3,64
"1221",0.324473112821579,0.923538208007812,"train",200,4,"sigmoid",0.3,128
"1222",0.396893471479416,0.900801599025726,"test",200,4,"sigmoid",0.3,128
"1223",0.363446116447449,0.894802570343018,"train",200,4,"sigmoid",0.3,256
"1224",0.423070430755615,0.871743500232697,"test",200,4,"sigmoid",0.3,256
"1225",1.36233127117157,0.907296359539032,"train",200,4,"relu",0.1,32
"1226",1.34530770778656,0.889779567718506,"test",200,4,"relu",0.1,32
"1227",0.769192457199097,0.914042949676514,"train",200,4,"relu",0.1,64
"1228",0.738438665866852,0.898797571659088,"test",200,4,"relu",0.1,64
"1229",0.645882129669189,0.927786111831665,"train",200,4,"relu",0.1,128
"1230",0.68068790435791,0.903807640075684,"test",200,4,"relu",0.1,128
"1231",0.573150515556335,0.926036953926086,"train",200,4,"relu",0.1,256
"1232",0.708141326904297,0.889779567718506,"test",200,4,"relu",0.1,256
"1233",0.689389824867249,0.933033466339111,"train",200,4,"relu",0.2,32
"1234",0.742190778255463,0.915831685066223,"test",200,4,"relu",0.2,32
"1235",0.404404520988464,0.949275374412537,"train",200,4,"relu",0.2,64
"1236",0.482018232345581,0.931863725185394,"test",200,4,"relu",0.2,64
"1237",0.699221909046173,0.924287855625153,"train",200,4,"relu",0.2,128
"1238",0.720022797584534,0.898797571659088,"test",200,4,"relu",0.2,128
"1239",0.430615186691284,0.939530253410339,"train",200,4,"relu",0.2,256
"1240",0.493130028247833,0.909819662570953,"test",200,4,"relu",0.2,256
"1241",0.794271051883698,0.929535210132599,"train",200,4,"relu",0.3,32
"1242",0.774340569972992,0.903807640075684,"test",200,4,"relu",0.3,32
"1243",0.735579133033752,0.928035974502563,"train",200,4,"relu",0.3,64
"1244",0.707099974155426,0.915831685066223,"test",200,4,"relu",0.3,64
"1245",0.430863261222839,0.937281370162964,"train",200,4,"relu",0.3,128
"1246",0.423837900161743,0.919839680194855,"test",200,4,"relu",0.3,128
"1247",0.385708063840866,0.935782134532928,"train",200,4,"relu",0.3,256
"1248",0.449681609869003,0.910821616649628,"test",200,4,"relu",0.3,256
"1249",0.531206369400024,0.940529763698578,"train",300,4,"sigmoid",0.1,32
"1250",0.664545893669128,0.915831685066223,"test",300,4,"sigmoid",0.1,32
"1251",0.426413416862488,0.938280880451202,"train",300,4,"sigmoid",0.1,64
"1252",0.553031086921692,0.901803612709045,"test",300,4,"sigmoid",0.1,64
"1253",0.356910020112991,0.935782134532928,"train",300,4,"sigmoid",0.1,128
"1254",0.478411346673965,0.900801599025726,"test",300,4,"sigmoid",0.1,128
"1255",0.34372478723526,0.923288345336914,"train",300,4,"sigmoid",0.1,256
"1256",0.444653987884521,0.887775540351868,"test",300,4,"sigmoid",0.1,256
"1257",0.51229202747345,0.939780116081238,"train",300,4,"sigmoid",0.2,32
"1258",0.59080970287323,0.912825644016266,"test",300,4,"sigmoid",0.2,32
"1259",0.383612662553787,0.938780605792999,"train",300,4,"sigmoid",0.2,64
"1260",0.483660221099854,0.909819662570953,"test",300,4,"sigmoid",0.2,64
"1261",0.331917703151703,0.934282839298248,"train",300,4,"sigmoid",0.2,128
"1262",0.439816385507584,0.895791590213776,"test",300,4,"sigmoid",0.2,128
"1263",0.325555473566055,0.92078959941864,"train",300,4,"sigmoid",0.2,256
"1264",0.409815788269043,0.885771572589874,"test",300,4,"sigmoid",0.2,256
"1265",0.561178386211395,0.936281859874725,"train",300,4,"sigmoid",0.3,32
"1266",0.630237102508545,0.911823630332947,"test",300,4,"sigmoid",0.3,32
"1267",0.386251479387283,0.935282349586487,"train",300,4,"sigmoid",0.3,64
"1268",0.458635061979294,0.909819662570953,"test",300,4,"sigmoid",0.3,64
"1269",0.26617357134819,0.940029978752136,"train",300,4,"sigmoid",0.3,128
"1270",0.357301861047745,0.909819662570953,"test",300,4,"sigmoid",0.3,128
"1271",0.347474336624146,0.904797613620758,"train",300,4,"sigmoid",0.3,256
"1272",0.412532836198807,0.882765531539917,"test",300,4,"sigmoid",0.3,256
"1273",0.662538945674896,0.9200399518013,"train",300,4,"relu",0.1,32
"1274",0.835670590400696,0.891783595085144,"test",300,4,"relu",0.1,32
"1275",0.884733498096466,0.92628687620163,"train",300,4,"relu",0.1,64
"1276",0.922573983669281,0.901803612709045,"test",300,4,"relu",0.1,64
"1277",0.44303771853447,0.942028999328613,"train",300,4,"relu",0.1,128
"1278",0.416544735431671,0.928857743740082,"test",300,4,"relu",0.1,128
"1279",0.530919969081879,0.935282349586487,"train",300,4,"relu",0.1,256
"1280",0.572347939014435,0.913827657699585,"test",300,4,"relu",0.1,256
"1281",1.13488173484802,0.91304349899292,"train",300,4,"relu",0.2,32
"1282",1.08797693252563,0.889779567718506,"test",300,4,"relu",0.2,32
"1283",0.714549243450165,0.928285837173462,"train",300,4,"relu",0.2,64
"1284",0.734005093574524,0.914829671382904,"test",300,4,"relu",0.2,64
"1285",0.509523391723633,0.93328332901001,"train",300,4,"relu",0.2,128
"1286",0.518006801605225,0.913827657699585,"test",300,4,"relu",0.2,128
"1287",0.449022054672241,0.936031997203827,"train",300,4,"relu",0.2,256
"1288",0.520337760448456,0.919839680194855,"test",300,4,"relu",0.2,256
"1289",1.03126561641693,0.921289384365082,"train",300,4,"relu",0.3,32
"1290",1.05123007297516,0.898797571659088,"test",300,4,"relu",0.3,32
"1291",0.768288254737854,0.934532761573792,"train",300,4,"relu",0.3,64
"1292",0.854411900043488,0.915831685066223,"test",300,4,"relu",0.3,64
"1293",0.757591903209686,0.923788130283356,"train",300,4,"relu",0.3,128
"1294",0.79916924238205,0.898797571659088,"test",300,4,"relu",0.3,128
"1295",0.531058490276337,0.928535759449005,"train",300,4,"relu",0.3,256
"1296",0.563654780387878,0.907815635204315,"test",300,4,"relu",0.3,256
"1297",0.956285536289215,0.912043988704681,"train",400,4,"sigmoid",0.1,32
"1298",1.02216303348541,0.885771572589874,"test",400,4,"sigmoid",0.1,32
"1299",0.590529918670654,0.927036464214325,"train",400,4,"sigmoid",0.1,64
"1300",0.743481814861298,0.893787562847137,"test",400,4,"sigmoid",0.1,64
"1301",0.434193998575211,0.930034995079041,"train",400,4,"sigmoid",0.1,128
"1302",0.545567572116852,0.895791590213776,"test",400,4,"sigmoid",0.1,128
"1303",0.308953791856766,0.931784093379974,"train",400,4,"sigmoid",0.1,256
"1304",0.413457691669464,0.892785549163818,"test",400,4,"sigmoid",0.1,256
"1305",0.515089869499207,0.940279841423035,"train",400,4,"sigmoid",0.2,32
"1306",0.634688019752502,0.911823630332947,"test",400,4,"sigmoid",0.2,32
"1307",0.419187605381012,0.939530253410339,"train",400,4,"sigmoid",0.2,64
"1308",0.554667711257935,0.907815635204315,"test",400,4,"sigmoid",0.2,64
"1309",0.300259292125702,0.941279351711273,"train",400,4,"sigmoid",0.2,128
"1310",0.417203277349472,0.906813621520996,"test",400,4,"sigmoid",0.2,128
"1311",0.343955010175705,0.918040990829468,"train",400,4,"sigmoid",0.2,256
"1312",0.430456966161728,0.889779567718506,"test",400,4,"sigmoid",0.2,256
"1313",0.50411856174469,0.941779136657715,"train",400,4,"sigmoid",0.3,32
"1314",0.641428530216217,0.906813621520996,"test",400,4,"sigmoid",0.3,32
"1315",0.411883562803268,0.940279841423035,"train",400,4,"sigmoid",0.3,64
"1316",0.504646182060242,0.910821616649628,"test",400,4,"sigmoid",0.3,64
"1317",0.313651770353317,0.939280331134796,"train",400,4,"sigmoid",0.3,128
"1318",0.402490705251694,0.907815635204315,"test",400,4,"sigmoid",0.3,128
"1319",0.332010507583618,0.915542244911194,"train",400,4,"sigmoid",0.3,256
"1320",0.419633120298386,0.885771572589874,"test",400,4,"sigmoid",0.3,256
"1321",0.583291471004486,0.941529214382172,"train",400,4,"relu",0.1,32
"1322",0.663991868495941,0.920841693878174,"test",400,4,"relu",0.1,32
"1323",0.533436596393585,0.938780605792999,"train",400,4,"relu",0.1,64
"1324",0.59945023059845,0.908817648887634,"test",400,4,"relu",0.1,64
"1325",0.376416176557541,0.942778587341309,"train",400,4,"relu",0.1,128
"1326",0.414569199085236,0.924849689006805,"test",400,4,"relu",0.1,128
"1327",0.42651441693306,0.936781585216522,"train",400,4,"relu",0.1,256
"1328",0.486698418855667,0.919839680194855,"test",400,4,"relu",0.1,256
"1329",0.718633353710175,0.927036464214325,"train",400,4,"relu",0.2,32
"1330",0.772203922271729,0.911823630332947,"test",400,4,"relu",0.2,32
"1331",0.58467835187912,0.943778097629547,"train",400,4,"relu",0.2,64
"1332",0.641273021697998,0.925851702690125,"test",400,4,"relu",0.2,64
"1333",0.668649911880493,0.926036953926086,"train",400,4,"relu",0.2,128
"1334",0.643052816390991,0.911823630332947,"test",400,4,"relu",0.2,128
"1335",0.544198989868164,0.930034995079041,"train",400,4,"relu",0.2,256
"1336",0.602043092250824,0.905811607837677,"test",400,4,"relu",0.2,256
"1337",0.706505477428436,0.939280331134796,"train",400,4,"relu",0.3,32
"1338",0.773885786533356,0.914829671382904,"test",400,4,"relu",0.3,32
"1339",0.821937680244446,0.931284368038177,"train",400,4,"relu",0.3,64
"1340",0.729419767856598,0.908817648887634,"test",400,4,"relu",0.3,64
"1341",0.762718558311462,0.924037992954254,"train",400,4,"relu",0.3,128
"1342",0.719509959220886,0.906813621520996,"test",400,4,"relu",0.3,128
"1343",0.757106065750122,0.913293361663818,"train",400,4,"relu",0.3,256
"1344",0.772344172000885,0.900801599025726,"test",400,4,"relu",0.3,256
